donor_id,age,gender,donation_amount,channel,frequency,last_donation,recency_days,repeat_donor,segment,predicted_prob,predicted_class,donor_score
1,50,Male,34.2,Phone,4,2/7/2022,1182,0,3,2.22044604925031e-16,0,1
2,34,Male,78.03,Mail,10,5/29/2022,1071,0,2,2.22044604925031e-16,0,1
3,70,Male,105.67,Mail,4,10/30/2023,552,0,1,2.22044604925031e-16,0,1
4,33,Female,35.83,Email,2,5/2/2024,367,0,3,1.95874596289331e-09,0,4
5,22,Female,53.18,Mail,5,1/8/2022,1212,0,2,2.22044604925031e-16,0,1
6,61,Female,28.49,Phone,6,2/24/2024,435,0,3,7.57709933883584e-12,0,4
7,69,Female,33.39,Mail,7,10/23/2022,924,0,2,2.22044604925031e-16,0,1
8,73,Male,30.92,Email,7,4/5/2023,760,0,2,2.22044604925031e-16,0,1
9,62,Other,80.88,Email,7,5/4/2022,1096,0,2,2.22044604925031e-16,0,1
10,56,Male,68.27,Phone,7,2/18/2023,806,0,2,2.22044604925031e-16,0,1
11,71,Male,91.93,Phone,7,9/1/2023,611,0,1,2.22044604925031e-16,0,1
12,33,Male,89.11,Phone,3,1/10/2023,845,0,1,2.22044604925031e-16,0,1
13,73,Male,17.15,Phone,6,6/19/2022,1050,0,2,2.22044604925031e-16,0,1
14,44,Male,40.17,Phone,10,6/9/2024,329,0,2,1.21476693751558e-06,0,5
15,45,Female,115.79,Phone,6,10/27/2024,189,0,1,0.015721832,0,5
16,46,Male,107.86,Event,1,8/15/2022,993,0,1,2.22044604925031e-16,0,1
17,24,Female,48.12,Email,1,12/6/2024,149,0,3,0.018058032,0,5
18,70,Female,78.69,Mail,4,2/20/2024,439,0,3,2.95914709824653e-11,0,4
19,46,Male,47.76,Event,5,3/6/2022,1155,0,2,2.22044604925031e-16,0,1
20,76,Male,23.87,Email,1,6/8/2022,1061,0,3,2.22044604925031e-16,0,1
21,47,Female,70.64,Mail,1,3/2/2024,428,0,3,1.14173629885716e-11,0,4
22,76,Female,29.44,Mail,3,11/24/2024,161,0,3,0.002107459,0,5
23,28,Female,65.5,Mail,2,10/18/2022,929,0,3,2.22044604925031e-16,0,1
24,48,Female,176.16,Phone,9,1/1/2022,1219,0,1,2.22044604925031e-16,0,1
25,54,Male,42.93,Event,1,11/7/2024,178,0,3,0.000676129,0,5
26,27,Male,42.08,Phone,9,11/30/2022,886,0,2,2.22044604925031e-16,0,1
27,45,Female,20.81,Event,2,5/11/2023,724,0,3,2.22044604925031e-16,0,1
28,26,Other,75.6,Email,9,3/18/2022,1143,0,2,2.22044604925031e-16,0,1
29,61,Male,49.09,Phone,10,12/30/2023,491,0,2,6.75057559686091e-12,0,4
30,28,Male,25.86,Email,4,12/3/2022,883,0,3,2.22044604925031e-16,0,1
31,38,Male,45.24,Mail,2,3/19/2024,411,0,3,7.73825197579216e-11,0,4
32,55,Male,134.03,Mail,10,4/22/2022,1108,0,1,2.22044604925031e-16,0,1
33,33,Male,72.9,Email,4,4/30/2024,369,0,3,4.10678500365556e-08,0,4
34,36,Male,36.08,Phone,7,1/18/2022,1202,0,2,2.22044604925031e-16,0,1
35,62,Male,89.31,Event,4,11/2/2022,914,0,1,2.22044604925031e-16,0,1
36,58,Female,40.86,Phone,9,5/17/2023,718,0,2,2.22044604925031e-16,0,1
37,72,Female,54.2,Phone,3,10/31/2024,185,0,3,0.000181524,0,5
38,31,Female,37.1,Mail,6,2/4/2022,1185,0,2,2.22044604925031e-16,0,1
39,34,Female,20.41,Email,7,7/1/2024,307,0,2,3.0370153014078e-06,0,5
40,51,Female,89.93,Mail,3,12/23/2024,132,0,3,0.198290593,0,5
41,61,Female,67.3,Email,6,2/14/2023,810,0,2,2.22044604925031e-16,0,1
42,64,Female,37,Event,7,2/14/2022,1175,0,2,2.22044604925031e-16,0,1
43,26,Female,20.42,Phone,6,10/4/2022,943,0,2,2.22044604925031e-16,0,1
44,28,Male,56.26,Mail,1,1/5/2023,850,0,3,2.22044604925031e-16,0,1
45,60,Female,114.75,Mail,9,10/8/2022,939,0,1,2.22044604925031e-16,0,1
46,29,Female,46.79,Email,3,5/24/2024,345,0,3,3.14781881971417e-08,0,4
47,42,Female,32.5,Email,5,4/9/2023,756,0,3,2.22044604925031e-16,0,1
48,46,Male,59.04,Phone,6,1/26/2022,1194,0,2,2.22044604925031e-16,0,1
49,79,Male,84.86,Phone,7,1/17/2024,473,0,1,6.76269652012467e-12,0,4
50,72,Male,55.66,Event,5,12/9/2023,512,0,3,1.97019557313903e-13,0,4
51,26,Female,34.6,Email,4,6/26/2023,678,0,3,2.22044604925031e-16,0,1
52,72,Female,23.98,Mail,5,9/24/2024,222,0,3,8.49910430203218e-05,0,5
53,46,Female,28.71,Phone,3,11/20/2022,896,0,3,2.22044604925031e-16,0,1
54,51,Male,47.32,Mail,6,3/25/2023,771,0,2,2.22044604925031e-16,0,1
55,57,Male,71.69,Email,6,8/5/2023,638,0,2,2.22044604925031e-16,0,1
56,44,Other,135.25,Phone,2,4/10/2024,389,0,1,8.32721424700025e-09,0,4
57,53,Male,33.28,Mail,10,10/19/2024,197,0,2,0.062046725,0,5
58,48,Female,42.14,Phone,4,5/5/2024,364,0,3,7.86983647917216e-10,0,4
59,24,Female,86.83,Mail,8,4/7/2022,1123,0,2,2.22044604925031e-16,0,1
60,27,Male,48.25,Phone,10,3/18/2022,1143,0,2,2.22044604925031e-16,0,1
61,31,Male,30.67,Event,2,9/1/2022,976,0,3,2.22044604925031e-16,0,1
62,32,Female,71.36,Phone,9,6/10/2023,694,0,2,2.22044604925031e-16,0,1
63,37,Male,210.44,Email,10,3/18/2024,412,0,1,9.17141067865116e-06,0,5
64,52,Male,174.96,Mail,5,9/12/2024,234,0,1,0.015007028,0,5
65,76,Male,50.42,Event,10,7/25/2022,1014,0,2,2.22044604925031e-16,0,1
66,46,Male,51.2,Phone,8,8/20/2022,988,0,2,2.22044604925031e-16,0,1
67,44,Other,49.77,Email,9,8/21/2024,256,0,2,0.011819463,0,5
68,57,Other,24.03,Email,10,12/5/2022,881,0,2,2.22044604925031e-16,0,1
69,40,Male,90.22,Event,10,2/8/2024,451,0,2,3.8860242751205e-09,0,4
70,34,Female,81.98,Phone,4,4/23/2024,376,0,3,1.71195940692277e-09,0,4
71,60,Male,67.19,Phone,10,9/16/2023,596,0,2,2.22044604925031e-16,0,1
72,66,Male,52.3,Email,10,3/19/2024,411,0,2,2.57489440595135e-08,0,4
73,45,Female,21.03,Phone,2,2/15/2024,444,0,3,2.86983530372278e-13,0,4
74,79,Female,76.07,Email,6,11/5/2024,180,0,3,0.036402077,0,5
75,50,Female,76.01,Mail,9,7/29/2023,645,0,2,2.22044604925031e-16,0,1
76,35,Female,34.02,Event,8,3/26/2024,404,0,2,3.10048532742653e-09,0,4
77,71,Other,114.34,Email,2,1/23/2022,1197,0,1,2.22044604925031e-16,0,1
78,49,Female,80.47,Email,2,5/1/2024,368,0,3,5.36581902487489e-09,0,4
79,25,Male,61.28,Phone,2,1/11/2024,479,0,3,2.40816187601382e-13,0,4
80,62,Female,30.97,Email,7,8/22/2022,986,0,2,2.22044604925031e-16,0,1
81,27,Female,72.72,Phone,8,5/10/2024,359,0,2,8.29014472721576e-08,0,5
82,41,Male,19.2,Mail,2,3/25/2024,405,0,3,4.73004162390776e-11,0,4
83,41,Female,61.86,Mail,6,3/8/2022,1153,0,2,2.22044604925031e-16,0,1
84,58,Female,71.72,Phone,2,3/25/2022,1136,0,3,2.22044604925031e-16,0,1
85,50,Female,40.97,Event,2,10/15/2022,932,0,3,2.22044604925031e-16,0,1
86,67,Other,68.29,Phone,6,6/6/2023,698,0,2,2.22044604925031e-16,0,1
87,36,Male,29.45,Email,8,4/17/2024,382,0,2,5.45497989659649e-08,0,5
88,73,Female,29.03,Phone,9,3/22/2024,408,0,2,3.33583531823938e-10,0,4
89,69,Male,65.31,Email,9,6/15/2023,689,0,2,2.22044604925031e-16,0,1
90,68,Male,42.34,Event,1,3/24/2024,406,0,3,2.24819430716361e-11,0,4
91,53,Male,64.67,Email,9,10/19/2024,197,0,2,0.166028471,0,5
92,23,Male,24.14,Mail,2,2/20/2023,804,0,3,2.22044604925031e-16,0,1
93,32,Male,19.96,Mail,2,8/31/2024,246,0,3,7.70800219924406e-06,0,5
94,24,Male,43.74,Event,10,2/2/2023,822,0,2,2.22044604925031e-16,0,1
95,73,Male,34.83,Mail,6,9/5/2024,241,0,3,0.0001043,0,5
96,70,Female,93.47,Event,2,6/2/2022,1067,0,1,2.22044604925031e-16,0,1
97,44,Female,66.04,Mail,3,6/29/2022,1040,0,3,2.22044604925031e-16,0,1
98,71,Male,52.33,Email,1,3/26/2024,404,0,3,7.73524404763111e-11,0,4
99,41,Female,38.69,Email,2,11/24/2023,527,0,3,2.22044604925031e-16,0,1
100,44,Male,136.96,Event,2,10/24/2022,923,0,1,2.22044604925031e-16,0,1
101,51,Female,66.57,Email,6,5/6/2023,729,0,2,2.22044604925031e-16,0,1
102,65,Female,139.06,Mail,6,3/16/2023,780,0,1,2.22044604925031e-16,0,1
103,44,Other,95.47,Mail,1,3/30/2022,1131,0,1,2.22044604925031e-16,0,1
104,42,Female,80.47,Mail,10,7/3/2023,671,0,2,2.22044604925031e-16,0,1
105,54,Female,41.37,Phone,9,5/23/2023,712,0,2,2.22044604925031e-16,0,1
106,59,Male,166.28,Mail,4,6/21/2024,317,0,1,1.04480904865021e-05,0,5
107,67,Male,78.01,Phone,10,9/7/2024,239,0,2,0.001861959,0,5
108,49,Female,38.12,Event,4,10/1/2022,946,0,3,2.22044604925031e-16,0,1
109,31,Female,44.45,Mail,7,12/20/2022,866,0,2,2.22044604925031e-16,0,1
110,50,Other,155.69,Phone,9,7/5/2022,1034,0,1,2.22044604925031e-16,0,1
111,76,Male,94.17,Phone,7,12/16/2024,139,1,1,0.343605487,0,5
112,65,Male,30.79,Phone,10,7/7/2024,301,0,2,4.19970778797549e-06,0,5
113,49,Other,19.54,Email,6,6/4/2023,700,0,2,2.22044604925031e-16,0,1
114,54,Male,102.41,Phone,9,10/13/2023,569,0,1,2.22044604925031e-16,0,1
115,33,Female,39.5,Phone,4,4/21/2024,378,0,3,3.71164494747851e-10,0,4
116,48,Female,42.72,Event,3,5/23/2024,346,0,3,6.95693227704615e-09,0,4
117,51,Male,21.4,Mail,1,11/24/2023,527,0,3,2.22044604925031e-16,0,1
118,26,Male,130.56,Email,6,5/28/2023,707,0,1,2.22044604925031e-16,0,1
119,22,Female,51.49,Event,2,11/21/2024,164,0,3,0.006144367,0,5
120,42,Female,24.01,Email,6,2/27/2022,1162,0,2,2.22044604925031e-16,0,1
121,73,Female,102.65,Mail,8,11/2/2024,183,0,1,0.136584073,0,5
122,77,Male,54.82,Mail,3,1/31/2022,1189,0,3,2.22044604925031e-16,0,1
123,34,Female,33.9,Email,7,6/1/2023,703,0,2,2.22044604925031e-16,0,1
124,40,Female,29.61,Mail,8,6/11/2023,693,0,2,2.22044604925031e-16,0,1
125,56,Female,57.77,Event,8,3/5/2022,1156,0,2,2.22044604925031e-16,0,1
126,27,Male,104.07,Event,6,9/14/2022,963,0,1,2.22044604925031e-16,0,1
127,70,Female,49.47,Email,10,11/26/2024,159,0,2,0.592744302,1,5
128,29,Female,38.24,Event,4,9/26/2022,951,0,3,2.22044604925031e-16,0,1
129,69,Other,97.38,Phone,6,5/24/2024,345,0,1,5.22138534769197e-07,0,5
130,61,Female,93.14,Phone,4,10/5/2024,211,0,1,0.000251854,0,5
131,63,Female,101.97,Email,9,5/9/2023,726,0,1,2.22044604925031e-16,0,1
132,53,Male,63.7,Event,4,1/14/2023,841,0,3,2.22044604925031e-16,0,1
133,29,Other,35.21,Phone,8,3/10/2024,420,0,2,2.78299589933576e-09,0,4
134,41,Female,68.17,Email,7,12/27/2022,859,0,2,2.22044604925031e-16,0,1
135,31,Male,43.55,Phone,10,8/26/2023,617,0,2,2.22044604925031e-16,0,1
136,39,Male,15.06,Phone,4,12/17/2022,869,0,3,2.22044604925031e-16,0,1
137,65,Female,65.11,Phone,1,12/22/2024,133,0,3,0.003631973,0,5
138,36,Female,86.01,Phone,4,8/2/2023,641,0,1,2.22044604925031e-16,0,1
139,65,Male,67.41,Phone,4,6/30/2022,1039,0,3,2.22044604925031e-16,0,1
140,73,Female,60.93,Email,3,12/12/2024,143,0,3,0.049212196,0,5
141,54,Female,56.57,Phone,1,5/1/2023,734,0,3,2.22044604925031e-16,0,1
142,59,Male,70.81,Event,2,5/4/2023,731,0,3,2.22044604925031e-16,0,1
143,65,Male,37.78,Event,2,12/18/2024,137,0,3,0.017624182,0,5
144,70,Male,26.97,Phone,4,5/9/2022,1091,0,3,2.22044604925031e-16,0,1
145,49,Female,58.44,Phone,9,6/3/2024,335,0,2,3.52398401276199e-07,0,5
146,34,Female,36.55,Email,1,4/13/2023,752,0,3,2.22044604925031e-16,0,1
147,43,Male,72.74,Phone,1,2/10/2024,449,0,3,1.03989525314239e-12,0,4
148,68,Male,26.41,Mail,4,7/18/2022,1021,0,3,2.22044604925031e-16,0,1
149,42,Male,122.17,Phone,10,2/7/2022,1182,0,1,2.22044604925031e-16,0,1
150,62,Female,110.77,Event,3,5/26/2022,1074,0,1,2.22044604925031e-16,0,1
151,26,Male,32.96,Email,4,11/1/2023,550,0,3,2.22044604925031e-16,0,1
152,48,Female,111,Phone,1,1/30/2022,1190,0,1,2.22044604925031e-16,0,1
153,34,Male,26.43,Event,7,7/23/2023,651,0,2,2.22044604925031e-16,0,1
154,42,Female,45.97,Mail,2,8/28/2022,980,0,3,2.22044604925031e-16,0,1
155,45,Female,52.23,Email,4,5/22/2023,713,0,3,2.22044604925031e-16,0,1
156,57,Male,86.9,Phone,10,5/8/2022,1092,0,2,2.22044604925031e-16,0,1
157,65,Female,74.17,Event,6,5/31/2022,1069,0,2,2.22044604925031e-16,0,1
158,51,Other,25.74,Email,5,5/12/2024,357,0,3,1.65027048429002e-07,0,5
159,26,Female,38.2,Phone,3,3/28/2024,402,0,3,3.59921745497421e-11,0,4
160,46,Male,49.51,Phone,3,5/20/2024,349,0,3,2.88403678612488e-09,0,4
161,61,Male,72.4,Event,2,3/20/2024,410,0,3,1.07110027013269e-10,0,4
162,24,Male,102.38,Event,8,8/18/2022,990,0,1,2.22044604925031e-16,0,1
163,25,Male,39.75,Email,4,6/22/2022,1047,0,3,2.22044604925031e-16,0,1
164,35,Male,67.5,Email,10,5/29/2024,340,0,2,1.74301976610857e-05,0,5
165,43,Other,59.74,Phone,10,3/2/2022,1159,0,2,2.22044604925031e-16,0,1
166,51,Female,48.68,Mail,9,7/4/2023,670,0,2,2.22044604925031e-16,0,1
167,40,Female,52.64,Phone,7,9/27/2024,219,0,2,0.000484772,0,5
168,74,Male,38.82,Email,5,2/16/2024,443,0,3,4.04860108078082e-11,0,4
169,30,Male,52.33,Phone,3,2/26/2022,1163,0,3,2.22044604925031e-16,0,1
170,55,Female,120.45,Email,5,6/26/2023,678,0,1,2.22044604925031e-16,0,1
171,63,Other,16.39,Phone,6,10/10/2023,572,0,2,2.22044604925031e-16,0,1
172,65,Female,46.71,Email,4,1/12/2023,843,0,3,2.22044604925031e-16,0,1
173,79,Male,31.78,Email,3,7/5/2024,303,0,3,2.230674742488e-07,0,5
174,80,Female,82.34,Mail,7,10/31/2023,551,0,2,2.22044604925031e-16,0,1
175,38,Male,72.08,Event,9,1/14/2023,841,0,2,2.22044604925031e-16,0,1
176,44,Female,17.1,Event,8,7/8/2024,300,0,2,3.09397318657539e-06,0,5
177,58,Male,52.65,Phone,6,4/20/2023,745,0,2,2.22044604925031e-16,0,1
178,73,Female,199.99,Event,2,12/11/2022,875,0,1,2.22044604925031e-16,0,1
179,45,Other,57.79,Event,8,2/6/2022,1183,0,2,2.22044604925031e-16,0,1
180,28,Female,103.95,Email,4,1/10/2023,845,0,1,2.22044604925031e-16,0,1
181,26,Male,62.76,Event,2,10/11/2022,936,0,3,2.22044604925031e-16,0,1
182,53,Female,108.84,Mail,2,8/27/2023,616,0,1,2.22044604925031e-16,0,1
183,67,Male,42.75,Email,6,5/4/2022,1096,0,2,2.22044604925031e-16,0,1
184,32,Other,66.88,Event,3,8/21/2023,622,0,3,2.22044604925031e-16,0,1
185,38,Female,52.26,Event,10,1/23/2023,832,0,2,2.22044604925031e-16,0,1
186,75,Male,68.5,Email,3,8/25/2024,252,0,3,3.60034229746301e-05,0,5
187,71,Female,17.69,Event,2,9/10/2022,967,0,3,2.22044604925031e-16,0,1
188,66,Male,28.83,Event,6,3/14/2024,416,0,3,2.26287082004549e-10,0,4
189,58,Male,50.28,Mail,5,5/5/2023,730,0,3,2.22044604925031e-16,0,1
190,23,Female,44.38,Phone,2,8/7/2022,1001,0,3,2.22044604925031e-16,0,1
191,20,Female,87.92,Event,7,5/12/2024,357,0,1,4.33085428139677e-07,0,5
192,59,Female,46.99,Mail,8,2/29/2024,430,0,2,4.16738952584103e-10,0,4
193,49,Male,54.31,Event,5,3/25/2022,1136,0,2,2.22044604925031e-16,0,1
194,49,Female,90.88,Mail,10,5/22/2022,1078,0,2,2.22044604925031e-16,0,1
195,71,Female,76.54,Phone,5,10/29/2024,187,0,3,0.001332322,0,5
196,44,Female,47.52,Phone,1,11/7/2023,544,0,3,2.22044604925031e-16,0,1
197,35,Male,75.71,Mail,9,1/9/2024,481,0,2,1.60908008988071e-10,0,4
198,43,Other,56.84,Mail,7,7/4/2023,670,0,2,2.22044604925031e-16,0,1
199,73,Female,68.58,Email,3,4/11/2022,1119,0,3,2.22044604925031e-16,0,1
200,30,Female,82.87,Email,10,3/22/2022,1139,0,2,2.22044604925031e-16,0,1
201,67,Female,38.61,Mail,1,5/16/2024,353,0,3,6.17210870277716e-10,0,4
202,39,Male,24.88,Event,1,4/1/2022,1129,0,3,2.22044604925031e-16,0,1
203,59,Female,88.57,Phone,4,10/31/2023,551,0,1,2.22044604925031e-16,0,1
204,22,Male,24.6,Phone,9,1/2/2023,853,0,2,2.22044604925031e-16,0,1
205,48,Female,60.41,Phone,10,7/2/2022,1037,0,2,2.22044604925031e-16,0,1
206,55,Male,44.44,Mail,6,7/20/2024,288,0,3,6.92990976379412e-06,0,5
207,71,Female,79.47,Phone,2,8/15/2024,262,0,3,7.2703394141585e-07,0,5
208,63,Female,168.69,Email,2,1/6/2022,1214,0,1,2.22044604925031e-16,0,1
209,41,Male,39.22,Mail,5,12/27/2024,128,0,3,0.361707082,0,5
210,68,Male,51.31,Phone,5,1/29/2024,461,0,3,1.78933392641078e-12,0,4
211,61,Male,62.47,Phone,3,10/17/2023,565,0,3,2.22044604925031e-16,0,1
212,78,Male,35.79,Phone,6,6/29/2023,675,0,2,2.22044604925031e-16,0,1
213,39,Female,44.4,Phone,7,9/14/2022,963,0,2,2.22044604925031e-16,0,1
214,30,Female,28.7,Mail,2,5/12/2024,357,0,3,1.64452595069554e-09,0,4
215,76,Male,23.67,Phone,4,4/18/2022,1112,0,3,2.22044604925031e-16,0,1
216,74,Female,34.12,Email,8,10/12/2024,204,0,2,0.007129693,0,5
217,27,Female,61.05,Event,3,8/1/2023,642,0,3,2.22044604925031e-16,0,1
218,65,Other,54.23,Phone,1,11/3/2022,913,0,3,2.22044604925031e-16,0,1
219,40,Male,33.82,Phone,4,1/31/2023,824,0,3,2.22044604925031e-16,0,1
220,64,Female,43.23,Email,6,11/30/2023,521,0,2,2.08347303353419e-13,0,4
221,21,Male,42.61,Event,2,6/13/2023,691,0,3,2.22044604925031e-16,0,1
222,62,Female,39.24,Phone,1,2/13/2022,1176,0,3,2.22044604925031e-16,0,1
223,32,Female,32.4,Phone,3,10/9/2023,573,0,3,2.22044604925031e-16,0,1
224,65,Male,64.12,Email,8,12/7/2023,514,0,2,4.85293005420232e-12,0,4
225,25,Female,71.71,Mail,4,9/1/2023,611,0,3,2.22044604925031e-16,0,1
226,76,Male,39.72,Email,1,7/1/2022,1038,0,3,2.22044604925031e-16,0,1
227,27,Other,108.66,Mail,1,9/8/2022,969,0,1,2.22044604925031e-16,0,1
228,63,Female,90.58,Phone,5,10/6/2022,941,0,1,2.22044604925031e-16,0,1
229,51,Other,41.68,Email,5,10/15/2023,567,0,3,2.22044604925031e-16,0,1
230,77,Female,31.94,Event,8,10/17/2023,565,0,2,2.22044604925031e-16,0,1
231,55,Male,67.66,Email,6,6/29/2022,1040,0,2,2.22044604925031e-16,0,1
232,64,Male,42.9,Mail,8,5/28/2022,1072,0,2,2.22044604925031e-16,0,1
233,80,Male,52.18,Event,7,2/29/2024,430,0,2,2.45354664796771e-10,0,4
234,33,Male,81.12,Email,7,1/9/2023,846,0,2,2.22044604925031e-16,0,1
235,72,Male,56.51,Phone,6,6/1/2022,1068,0,2,2.22044604925031e-16,0,1
236,35,Male,40.17,Email,5,10/30/2024,186,0,3,0.019389241,0,5
237,42,Male,38.2,Phone,9,12/29/2024,126,0,2,0.663823318,1,5
238,80,Female,64.21,Event,4,11/12/2022,904,0,3,2.22044604925031e-16,0,1
239,52,Female,64.82,Email,5,7/5/2024,303,0,3,2.8657384900363e-06,0,5
240,59,Female,43.82,Email,1,10/20/2022,927,0,3,2.22044604925031e-16,0,1
241,59,Male,64.88,Mail,10,11/15/2022,901,0,2,2.22044604925031e-16,0,1
242,29,Male,34.47,Phone,8,7/6/2024,302,0,2,2.70254172786247e-06,0,5
243,44,Male,133.16,Mail,3,7/12/2023,662,0,1,2.22044604925031e-16,0,1
244,27,Male,26.82,Email,5,2/12/2024,447,0,3,6.46994084687004e-11,0,4
245,37,Female,124.1,Event,5,3/19/2023,777,0,1,2.22044604925031e-16,0,1
246,80,Male,58.1,Phone,4,7/22/2023,652,0,3,2.22044604925031e-16,0,1
247,72,Male,54.63,Email,5,4/30/2023,735,0,3,2.22044604925031e-16,0,1
248,28,Female,28.09,Event,2,2/24/2024,435,0,3,4.9007562873966e-12,0,4
249,26,Male,80.63,Phone,9,3/12/2024,418,0,2,5.04120502359073e-09,0,4
250,26,Male,104.09,Phone,5,12/18/2022,868,0,1,2.22044604925031e-16,0,1
251,77,Male,32.78,Phone,1,1/27/2022,1193,0,3,2.22044604925031e-16,0,1
252,80,Female,77.66,Phone,1,6/4/2023,700,0,3,2.22044604925031e-16,0,1
253,79,Male,106.1,Email,8,4/10/2023,755,0,1,2.22044604925031e-16,0,1
254,29,Female,128.81,Phone,5,4/21/2024,378,0,1,1.56755345893582e-08,0,4
255,43,Female,35.52,Phone,1,8/17/2023,626,0,3,2.22044604925031e-16,0,1
256,73,Male,32.89,Event,3,6/1/2023,703,0,3,2.22044604925031e-16,0,1
257,42,Male,48.9,Phone,2,3/10/2022,1151,0,3,2.22044604925031e-16,0,1
258,45,Male,59.11,Mail,8,5/10/2024,359,0,2,3.00674812955776e-07,0,5
259,62,Male,35.35,Event,3,11/6/2024,179,0,3,0.001589842,0,5
260,52,Female,37.89,Event,6,11/17/2022,899,0,2,2.22044604925031e-16,0,1
261,76,Male,95.18,Email,5,7/12/2023,662,0,1,2.22044604925031e-16,0,1
262,80,Male,50.24,Phone,4,4/2/2022,1128,0,3,2.22044604925031e-16,0,1
263,48,Male,88.57,Event,8,2/20/2022,1169,0,2,2.22044604925031e-16,0,1
264,70,Male,42.56,Event,4,10/17/2023,565,0,3,2.22044604925031e-16,0,1
265,29,Male,86.79,Email,10,7/3/2024,305,0,2,0.000508554,0,5
266,72,Female,56.86,Phone,9,6/17/2023,687,0,2,2.22044604925031e-16,0,1
267,73,Female,51.56,Event,5,8/28/2023,615,0,3,2.22044604925031e-16,0,1
268,32,Male,21.49,Mail,3,5/21/2024,348,0,3,8.58255844954627e-09,0,4
269,62,Female,26.82,Phone,5,8/16/2024,261,0,3,1.35389529412795e-06,0,5
270,30,Female,77.9,Event,7,10/2/2023,580,0,2,2.22044604925031e-16,0,1
271,44,Female,28.58,Event,9,3/27/2024,403,0,2,4.44703104044906e-09,0,4
272,71,Male,32.04,Event,8,8/17/2022,991,0,2,2.22044604925031e-16,0,1
273,45,Female,59.25,Phone,6,10/20/2024,196,0,3,0.001463933,0,5
274,26,Male,86.29,Email,9,5/6/2022,1094,0,2,2.22044604925031e-16,0,1
275,44,Female,47.14,Email,3,6/28/2024,310,0,3,2.92205312362015e-07,0,5
276,42,Male,82.68,Event,3,12/3/2022,883,0,3,2.22044604925031e-16,0,1
277,45,Female,29.09,Phone,8,1/22/2024,468,0,2,3.97224037669942e-12,0,4
278,51,Male,90.16,Email,2,4/27/2023,738,0,3,2.22044604925031e-16,0,1
279,39,Female,79.96,Phone,2,10/8/2022,939,0,3,2.22044604925031e-16,0,1
280,80,Male,41.82,Event,10,1/28/2024,462,0,2,1.2927404905663e-10,0,4
281,43,Female,63.64,Event,3,12/10/2022,876,0,3,2.22044604925031e-16,0,1
282,76,Other,99.75,Event,9,3/29/2022,1132,0,1,2.22044604925031e-16,0,1
283,28,Female,33.07,Email,6,10/13/2024,203,0,3,0.005831212,0,5
284,60,Other,34.95,Phone,2,1/13/2023,842,0,3,2.22044604925031e-16,0,1
285,56,Female,55.43,Phone,3,2/15/2023,809,0,3,2.22044604925031e-16,0,1
286,42,Male,44.21,Phone,2,8/24/2023,619,0,3,2.22044604925031e-16,0,1
287,33,Male,48.24,Event,2,9/22/2023,590,0,3,2.22044604925031e-16,0,1
288,65,Female,75.34,Phone,6,9/16/2023,596,0,2,2.22044604925031e-16,0,1
289,25,Male,60.9,Event,1,3/24/2022,1137,0,3,2.22044604925031e-16,0,1
290,46,Male,117.03,Mail,8,11/3/2023,548,0,1,1.70611534322048e-12,0,4
291,20,Female,32.72,Event,5,4/13/2022,1117,0,2,2.22044604925031e-16,0,1
292,45,Male,70.79,Event,9,8/31/2022,977,0,2,2.22044604925031e-16,0,1
293,61,Male,55.28,Mail,3,1/31/2024,459,0,3,3.50242632975986e-12,0,4
294,68,Female,33.61,Mail,3,6/22/2022,1047,0,3,2.22044604925031e-16,0,1
295,77,Female,23.38,Mail,2,5/19/2023,716,0,3,2.22044604925031e-16,0,1
296,36,Male,76.05,Event,1,10/1/2023,581,0,3,2.22044604925031e-16,0,1
297,48,Male,52.38,Mail,8,5/27/2022,1073,0,2,2.22044604925031e-16,0,1
298,45,Male,28.62,Event,8,8/29/2023,614,0,2,2.22044604925031e-16,0,1
299,46,Male,63.2,Phone,7,11/21/2024,164,1,2,0.058487269,0,5
300,40,Female,51.99,Mail,8,6/12/2023,692,0,2,2.22044604925031e-16,0,1
301,26,Male,121.37,Email,10,2/26/2022,1163,0,1,2.22044604925031e-16,0,1
302,79,Female,34.37,Phone,1,11/18/2022,898,0,3,2.22044604925031e-16,0,1
303,72,Female,83.12,Email,9,5/10/2022,1090,0,2,2.22044604925031e-16,0,1
304,45,Male,39.63,Phone,7,7/13/2022,1026,0,2,2.22044604925031e-16,0,1
305,60,Other,26.33,Email,6,10/7/2022,940,0,2,2.22044604925031e-16,0,1
306,39,Female,98.39,Mail,2,5/2/2022,1098,0,1,2.22044604925031e-16,0,1
307,25,Male,17.47,Mail,6,9/2/2023,610,0,2,2.22044604925031e-16,0,2
308,69,Male,62.56,Phone,2,9/3/2022,974,0,3,2.22044604925031e-16,0,2
309,49,Male,71.92,Event,4,3/20/2024,410,0,3,5.62791375673562e-10,0,4
310,50,Female,66.85,Phone,2,1/22/2023,833,0,3,2.22044604925031e-16,0,2
311,48,Female,40.37,Mail,6,1/23/2024,467,0,2,7.18331762815884e-12,0,4
312,36,Female,34.43,Phone,6,1/9/2022,1211,0,2,2.22044604925031e-16,0,2
313,56,Female,69.4,Event,3,7/13/2023,661,0,3,2.22044604925031e-16,0,2
314,76,Female,57.57,Email,2,8/6/2024,271,0,3,1.67827800856099e-06,0,5
315,39,Male,30.87,Event,8,6/4/2022,1065,0,2,2.22044604925031e-16,0,2
316,54,Female,33.59,Event,4,6/5/2022,1064,0,3,2.22044604925031e-16,0,2
317,44,Male,31.98,Event,9,3/23/2022,1138,0,2,2.22044604925031e-16,0,2
318,65,Female,21.09,Event,6,4/14/2023,751,0,2,2.22044604925031e-16,0,2
319,52,Male,92.47,Mail,2,7/8/2024,300,0,3,9.56425649743352e-07,0,5
320,21,Male,50.91,Email,1,9/3/2023,609,0,3,2.22044604925031e-16,0,2
321,23,Female,45.14,Event,9,6/12/2023,692,0,2,2.22044604925031e-16,0,2
322,29,Male,114.22,Phone,8,10/25/2022,922,0,1,2.22044604925031e-16,0,2
323,52,Female,74.1,Event,6,9/9/2022,968,0,2,2.22044604925031e-16,0,2
324,24,Female,118.92,Email,8,7/19/2022,1020,0,1,2.22044604925031e-16,0,2
325,72,Female,170.64,Mail,4,3/9/2024,421,0,1,2.23319915845302e-09,0,4
326,44,Female,43.12,Event,5,11/1/2022,915,0,2,2.22044604925031e-16,0,2
327,27,Male,60.72,Email,2,2/5/2022,1184,0,3,2.22044604925031e-16,0,2
328,74,Female,207.09,Event,10,1/30/2024,460,0,1,2.29454981656743e-08,0,4
329,44,Female,85.72,Event,5,5/22/2023,713,0,1,2.22044604925031e-16,0,2
330,40,Female,162.91,Email,5,10/1/2023,581,0,1,1.17670027470873e-13,0,4
331,64,Female,73.53,Event,9,4/10/2022,1120,0,2,2.22044604925031e-16,0,2
332,37,Female,64.48,Email,7,4/3/2024,396,0,2,1.68375830956208e-08,0,4
333,61,Male,109.9,Event,2,2/13/2022,1176,0,1,2.22044604925031e-16,0,2
334,50,Male,92.9,Mail,10,2/3/2024,456,0,2,2.48038977926827e-09,0,4
335,25,Male,49.17,Mail,9,9/17/2022,960,0,2,2.22044604925031e-16,0,2
336,26,Female,54.55,Event,10,10/25/2022,922,0,2,2.22044604925031e-16,0,2
337,80,Other,44.63,Phone,10,6/21/2022,1048,0,2,2.22044604925031e-16,0,2
338,60,Female,105.88,Event,9,8/12/2024,265,0,1,0.001040133,0,5
339,67,Male,41.86,Email,10,4/7/2024,392,0,2,7.24400872560799e-08,0,5
340,36,Male,59.38,Event,10,1/17/2022,1203,0,2,2.22044604925031e-16,0,2
341,72,Female,29.17,Email,7,12/31/2022,855,0,2,2.22044604925031e-16,0,2
342,64,Male,108.56,Email,1,12/14/2023,507,0,1,2.91690058119576e-13,0,4
343,47,Female,105,Event,1,1/27/2023,828,0,1,2.22044604925031e-16,0,2
344,72,Male,33.69,Phone,9,11/5/2022,911,0,2,2.22044604925031e-16,0,2
345,59,Female,30.21,Email,7,3/16/2023,780,0,2,2.22044604925031e-16,0,2
346,72,Female,79.97,Phone,6,9/10/2022,967,0,2,2.22044604925031e-16,0,2
347,26,Male,49.76,Mail,3,11/23/2023,528,0,3,2.22044604925031e-16,0,2
348,39,Female,52.47,Event,4,5/1/2022,1099,0,3,2.22044604925031e-16,0,2
349,37,Female,77.56,Mail,7,7/4/2022,1035,0,2,2.22044604925031e-16,0,2
350,48,Other,91.2,Mail,4,12/22/2023,499,0,1,1.01302420842654e-11,0,4
351,36,Male,34.73,Phone,4,2/22/2023,802,0,3,2.22044604925031e-16,0,2
352,52,Female,18.4,Mail,7,10/19/2023,563,0,2,2.22044604925031e-16,0,2
353,21,Female,82.58,Email,1,6/6/2023,698,0,3,2.22044604925031e-16,0,2
354,68,Male,28.91,Mail,7,10/6/2023,576,0,2,2.22044604925031e-16,0,2
355,21,Male,56.6,Event,2,11/10/2022,906,0,3,2.22044604925031e-16,0,2
356,32,Male,30.21,Phone,8,8/26/2022,982,0,2,2.22044604925031e-16,0,2
357,43,Male,58.31,Mail,5,8/29/2022,979,0,2,2.22044604925031e-16,0,2
358,68,Female,50.66,Event,1,11/30/2023,521,0,3,2.22044604925031e-16,0,2
359,22,Female,110.83,Event,3,11/21/2024,164,0,1,0.080662797,0,5
360,37,Female,52.02,Event,7,5/2/2022,1098,0,2,2.22044604925031e-16,0,2
361,21,Female,41.31,Event,1,4/7/2023,758,0,3,2.22044604925031e-16,0,2
362,56,Female,46.56,Phone,7,12/21/2022,865,0,2,2.22044604925031e-16,0,2
363,31,Male,48.9,Phone,8,10/12/2023,570,0,2,2.22044604925031e-16,0,2
364,76,Female,40.86,Email,2,4/15/2023,750,0,3,2.22044604925031e-16,0,2
365,32,Male,60.01,Email,6,4/19/2023,746,0,2,2.22044604925031e-16,0,2
366,61,Male,45.8,Phone,10,5/13/2022,1087,0,2,2.22044604925031e-16,0,2
367,80,Other,48.31,Email,9,5/28/2023,707,0,2,2.22044604925031e-16,0,2
368,25,Female,94.39,Event,7,11/26/2022,890,0,1,2.22044604925031e-16,0,2
369,61,Other,25.65,Event,1,12/3/2022,883,0,3,2.22044604925031e-16,0,2
370,61,Male,42.6,Mail,7,9/20/2022,957,0,2,2.22044604925031e-16,0,2
371,57,Other,74.44,Phone,7,1/24/2024,466,0,2,8.54345969095858e-11,0,4
372,79,Male,148.86,Email,1,10/4/2022,943,0,1,2.22044604925031e-16,0,2
373,67,Female,60.7,Event,2,7/27/2024,281,0,3,4.83424244903993e-07,0,5
374,35,Female,16.85,Mail,3,3/4/2023,792,0,3,2.22044604925031e-16,0,2
375,54,Male,106.02,Email,8,4/24/2024,375,0,1,7.39030903296618e-07,0,5
376,55,Male,52.31,Email,1,1/2/2023,853,0,3,2.22044604925031e-16,0,2
377,46,Female,52.28,Mail,3,1/19/2024,471,0,3,1.05341294629377e-12,0,4
378,46,Male,48.17,Phone,9,2/21/2023,803,0,2,2.22044604925031e-16,0,2
379,54,Female,66.53,Event,4,5/23/2023,712,0,3,2.22044604925031e-16,0,2
380,80,Male,101.34,Event,4,3/6/2022,1155,0,1,2.22044604925031e-16,0,2
381,42,Male,58.67,Phone,8,2/27/2022,1162,0,2,2.22044604925031e-16,0,2
382,22,Female,26.45,Event,3,3/7/2023,789,0,3,2.22044604925031e-16,0,2
383,50,Other,62.49,Mail,4,12/7/2022,879,0,3,2.22044604925031e-16,0,2
384,67,Male,106.63,Phone,5,6/17/2024,321,0,1,3.57250729768723e-07,0,5
385,21,Female,122.19,Phone,2,7/4/2024,304,0,1,4.61037493240383e-07,0,5
386,66,Male,47.29,Event,10,10/19/2024,197,0,2,0.065827731,0,5
387,42,Other,87.52,Email,4,6/6/2024,332,0,3,5.07277093210981e-06,0,5
388,22,Other,31.13,Event,7,11/9/2023,542,0,2,8.02691698739165e-13,0,4
389,28,Female,169.41,Phone,6,2/6/2024,453,0,1,4.7961004569703e-10,0,4
390,80,Male,72.11,Event,4,12/12/2023,509,0,3,1.74598325314522e-13,0,4
391,58,Female,47.29,Event,9,9/12/2022,965,0,2,2.22044604925031e-16,0,2
392,49,Male,98.29,Mail,7,9/28/2024,218,0,1,0.01653224,0,5
393,50,Male,46.07,Phone,8,11/28/2023,523,0,2,1.8969494833149e-13,0,4
394,49,Female,36.83,Mail,3,6/8/2024,330,0,3,1.97271183586005e-08,0,4
395,28,Female,46.72,Email,8,5/25/2023,710,0,2,2.22044604925031e-16,0,2
396,55,Male,59.22,Phone,7,1/17/2023,838,0,2,2.22044604925031e-16,0,2
397,53,Male,85.34,Phone,7,2/24/2022,1165,0,2,2.22044604925031e-16,0,2
398,41,Male,46.25,Email,2,6/28/2023,676,0,3,2.22044604925031e-16,0,2
399,77,Male,55.47,Phone,1,3/2/2024,428,0,3,1.1969488533189e-12,0,4
400,63,Female,91.54,Event,7,5/25/2023,710,0,1,2.22044604925031e-16,0,2
401,60,Male,48.47,Event,5,4/30/2024,369,0,3,8.14475842311654e-09,0,4
402,47,Female,73.84,Event,1,1/23/2022,1197,0,3,2.22044604925031e-16,0,2
403,48,Male,70.97,Email,2,6/29/2024,309,0,3,5.65460108539515e-07,0,5
404,80,Male,39.69,Phone,5,1/9/2022,1211,0,2,2.22044604925031e-16,0,2
405,62,Male,35.81,Event,6,5/12/2024,357,0,3,2.46627964560391e-08,0,4
406,58,Female,40.26,Mail,6,9/23/2024,223,0,3,0.000380769,0,5
407,64,Female,22.3,Phone,1,12/11/2023,510,0,3,2.22044604925031e-16,0,2
408,56,Male,48.43,Mail,8,12/14/2022,872,0,2,2.22044604925031e-16,0,2
409,62,Female,114.69,Phone,8,12/1/2022,885,0,1,2.22044604925031e-16,0,2
410,52,Male,76,Event,4,11/12/2023,539,0,3,2.22044604925031e-16,0,2
411,38,Male,36.32,Phone,9,10/22/2022,925,0,2,2.22044604925031e-16,0,2
412,31,Male,43.91,Phone,9,8/9/2023,634,0,2,2.22044604925031e-16,0,2
413,53,Female,78.71,Mail,4,9/11/2023,601,0,3,2.22044604925031e-16,0,2
414,40,Male,115.86,Phone,1,2/16/2024,443,0,1,7.26879959116824e-12,0,4
415,36,Male,46.77,Mail,3,3/24/2023,772,0,3,2.22044604925031e-16,0,2
416,31,Female,28.69,Email,3,10/21/2023,561,0,3,2.22044604925031e-16,0,2
417,49,Male,32.42,Email,6,3/17/2023,779,0,2,2.22044604925031e-16,0,2
418,54,Male,92.22,Phone,6,8/25/2022,983,0,1,2.22044604925031e-16,0,2
419,49,Female,39.99,Event,5,4/28/2022,1102,0,2,2.22044604925031e-16,0,2
420,44,Other,128.3,Mail,7,2/24/2022,1165,0,1,2.22044604925031e-16,0,2
421,69,Male,70.4,Mail,10,4/26/2023,739,0,2,2.22044604925031e-16,0,2
422,66,Male,62.69,Mail,9,6/6/2024,332,0,2,2.95302816336812e-06,0,5
423,73,Female,109.83,Phone,7,8/9/2024,268,0,1,3.80430385154907e-05,0,5
424,22,Female,23.24,Phone,6,3/27/2023,769,0,2,2.22044604925031e-16,0,2
425,70,Male,92.21,Phone,10,6/12/2022,1057,0,2,2.22044604925031e-16,0,2
426,76,Other,125.52,Event,10,7/6/2024,302,0,1,0.001920729,0,5
427,37,Female,33.92,Event,10,4/26/2024,373,0,2,1.15444439941363e-07,0,5
428,51,Male,47.48,Event,3,11/1/2022,915,0,3,2.22044604925031e-16,0,2
429,36,Male,66.72,Email,3,10/9/2022,938,0,3,2.22044604925031e-16,0,2
430,57,Male,27.11,Event,7,3/5/2022,1156,0,2,2.22044604925031e-16,0,2
431,61,Female,58.9,Phone,8,3/3/2023,793,0,2,2.22044604925031e-16,0,2
432,59,Male,41,Event,4,12/11/2022,875,0,3,2.22044604925031e-16,0,2
433,61,Female,64.39,Phone,7,10/9/2024,207,0,2,0.001032775,0,5
434,51,Male,47.86,Email,5,8/6/2023,637,0,3,2.22044604925031e-16,0,2
435,45,Male,74.36,Phone,1,4/20/2022,1110,0,3,2.22044604925031e-16,0,2
436,32,Male,50.33,Email,1,1/5/2023,850,0,3,2.22044604925031e-16,0,2
437,39,Other,42.34,Phone,4,5/27/2022,1073,0,3,2.22044604925031e-16,0,2
438,57,Male,64.44,Mail,1,6/23/2023,681,0,3,2.22044604925031e-16,0,2
439,39,Male,72.76,Mail,2,8/11/2023,632,0,3,2.22044604925031e-16,0,2
440,48,Male,71.28,Phone,4,10/12/2024,204,0,3,0.000507654,0,5
441,39,Female,61.82,Mail,9,3/12/2022,1149,0,2,2.22044604925031e-16,0,2
442,49,Male,38.13,Email,2,11/18/2024,167,0,3,0.006693002,0,5
443,60,Male,28.12,Phone,10,7/1/2022,1038,0,2,2.22044604925031e-16,0,2
444,67,Other,121.23,Mail,3,7/11/2023,663,0,1,2.22044604925031e-16,0,2
445,27,Female,67.79,Phone,5,7/10/2022,1029,0,2,2.22044604925031e-16,0,2
446,58,Male,31.67,Email,6,1/15/2024,475,0,3,8.87692781176557e-12,0,4
447,29,Female,28.25,Email,10,8/20/2023,623,0,2,2.22044604925031e-16,0,2
448,36,Male,46.03,Phone,1,8/26/2024,251,0,3,1.16121350287896e-06,0,5
449,37,Male,47.05,Phone,6,9/2/2024,244,0,3,6.16714300408878e-05,0,5
450,59,Female,57.07,Phone,9,8/29/2024,248,0,2,0.000163308,0,5
451,70,Female,94.19,Event,5,6/25/2024,313,0,1,1.00921827230611e-06,0,5
452,61,Other,25.45,Event,1,7/12/2022,1027,0,3,2.22044604925031e-16,0,2
453,74,Male,116.7,Event,6,3/7/2024,423,0,1,2.02668923976538e-09,0,4
454,30,Female,68.45,Mail,8,10/4/2022,943,0,2,2.22044604925031e-16,0,2
455,68,Male,52.48,Phone,2,10/6/2022,941,0,3,2.22044604925031e-16,0,2
456,63,Other,63.61,Event,9,12/1/2023,520,0,2,1.72246001734844e-11,0,4
457,21,Female,35.58,Email,4,5/22/2023,713,0,3,2.22044604925031e-16,0,2
458,38,Male,94.82,Phone,4,2/27/2024,432,0,1,6.78655651606472e-11,0,4
459,32,Female,80.65,Email,9,7/16/2023,658,0,2,2.22044604925031e-16,0,2
460,32,Other,27.06,Email,10,2/3/2024,456,0,2,5.73701649072518e-09,0,4
461,50,Other,35.14,Mail,5,5/1/2023,734,0,3,2.22044604925031e-16,0,2
462,49,Male,50.09,Event,10,7/4/2022,1035,0,2,2.22044604925031e-16,0,2
463,70,Female,35.03,Email,4,11/29/2022,887,0,3,2.22044604925031e-16,0,2
464,41,Male,23.86,Event,4,3/7/2024,423,0,3,5.34835159975707e-11,0,4
465,49,Male,39.69,Email,2,12/1/2022,885,0,3,2.22044604925031e-16,0,2
466,29,Male,47.23,Email,3,5/2/2022,1098,0,3,2.22044604925031e-16,0,2
467,35,Female,26.83,Phone,4,12/30/2024,125,0,3,0.029868282,0,5
468,24,Female,51.37,Mail,5,7/29/2023,645,0,3,2.22044604925031e-16,0,2
469,55,Male,31.96,Event,8,7/27/2022,1012,0,2,2.22044604925031e-16,0,2
470,69,Male,21.25,Email,3,11/5/2023,546,0,3,2.22044604925031e-16,0,2
471,52,Other,37.65,Phone,1,11/18/2022,898,0,3,2.22044604925031e-16,0,2
472,35,Male,35.24,Phone,2,9/28/2024,218,0,3,1.90251266962116e-05,0,5
473,47,Female,116.02,Phone,3,2/14/2023,810,0,1,2.22044604925031e-16,0,2
474,68,Female,42.61,Phone,7,11/10/2024,175,0,2,0.004484539,0,5
475,31,Female,67.19,Event,3,8/6/2024,271,0,3,6.08599698266189e-06,0,5
476,72,Female,44.67,Event,3,1/5/2023,850,0,3,2.22044604925031e-16,0,2
477,47,Female,40.99,Event,7,1/7/2023,848,0,2,2.22044604925031e-16,0,2
478,21,Female,31.6,Email,10,6/3/2024,335,0,2,6.05048824373998e-06,0,5
479,69,Female,25.82,Event,4,10/8/2023,574,0,3,2.22044604925031e-16,0,2
480,31,Male,69,Email,8,1/27/2023,828,0,2,2.22044604925031e-16,0,2
481,66,Female,120.09,Email,1,10/1/2022,946,0,1,2.22044604925031e-16,0,2
482,70,Male,64.13,Mail,2,6/19/2023,685,0,3,2.22044604925031e-16,0,2
483,72,Female,67.03,Event,4,9/9/2023,603,0,3,2.22044604925031e-16,0,2
484,25,Male,54.3,Mail,10,10/6/2023,576,0,2,1.80158153119294e-13,0,4
485,35,Female,88.3,Mail,2,3/30/2024,400,0,3,4.34879024485446e-10,0,4
486,77,Female,67.74,Event,3,9/15/2023,597,0,3,2.22044604925031e-16,0,2
487,34,Female,23.41,Email,6,7/2/2022,1037,0,2,2.22044604925031e-16,0,2
488,38,Male,21.71,Phone,6,7/3/2022,1036,0,2,2.22044604925031e-16,0,2
489,78,Female,49.64,Email,2,11/23/2022,893,0,3,2.22044604925031e-16,0,2
490,22,Male,32.63,Event,9,1/29/2023,826,0,2,2.22044604925031e-16,0,2
491,65,Male,73.34,Email,5,2/21/2023,803,0,3,2.22044604925031e-16,0,2
492,52,Male,43.84,Event,2,12/6/2023,515,0,3,2.22044604925031e-16,0,2
493,75,Female,89.85,Phone,5,6/10/2023,694,0,1,2.22044604925031e-16,0,2
494,52,Female,126.16,Event,2,2/22/2022,1167,0,1,2.22044604925031e-16,0,2
495,67,Female,124.65,Event,3,7/15/2024,293,0,1,3.29131280073803e-06,0,5
496,30,Female,49.48,Event,5,1/8/2024,482,0,3,2.31851400210905e-12,0,4
497,55,Female,36.52,Email,4,12/12/2024,143,0,3,0.066931074,0,5
498,75,Other,50.96,Mail,1,7/21/2023,653,0,3,2.22044604925031e-16,0,2
499,63,Male,27.34,Phone,6,4/12/2024,387,0,3,4.33427476525681e-10,0,4
500,64,Female,102.17,Mail,3,3/11/2023,785,0,1,2.22044604925031e-16,0,2
501,29,Male,21.45,Mail,1,6/13/2024,325,0,3,1.27355898151116e-08,0,4
502,61,Female,29.83,Mail,1,4/28/2024,371,0,3,1.41509582797647e-10,0,4
503,43,Male,73.02,Event,6,3/24/2022,1137,0,2,2.22044604925031e-16,0,2
504,47,Male,64.83,Event,3,4/20/2024,379,0,3,2.32192350109176e-09,0,4
505,58,Female,84.3,Event,10,10/22/2023,560,0,2,3.6097585356344e-13,0,4
506,37,Female,34.02,Event,9,12/9/2023,512,0,2,2.0045805754235e-12,0,4
507,36,Female,24.42,Email,2,8/4/2023,639,0,3,2.22044604925031e-16,0,2
508,39,Male,90.06,Mail,7,3/7/2023,789,0,1,2.22044604925031e-16,0,2
509,78,Other,72.8,Email,2,10/2/2022,945,0,3,2.22044604925031e-16,0,2
510,28,Other,167.38,Email,10,2/21/2024,438,0,1,2.48850009209713e-06,0,5
511,72,Female,31.94,Event,10,12/3/2023,518,0,2,1.0072991883875e-12,0,4
512,30,Male,21.8,Email,8,7/16/2024,292,0,2,3.80729262055906e-05,0,5
513,63,Female,81.91,Event,2,12/2/2023,519,0,3,2.22044604925031e-16,0,2
514,27,Female,123.26,Mail,5,11/23/2022,893,0,1,2.22044604925031e-16,0,2
515,69,Female,50.17,Mail,5,8/10/2022,998,0,2,2.22044604925031e-16,0,2
516,24,Male,83.87,Email,9,11/28/2024,157,1,2,0.93672338,1,5
517,48,Female,43.78,Event,3,11/12/2024,173,0,3,0.002573654,0,5
518,69,Female,93.97,Email,10,6/10/2022,1059,0,2,2.22044604925031e-16,0,2
519,25,Other,65.77,Email,5,12/12/2024,143,1,3,0.897465947,1,5
520,29,Male,70.24,Phone,1,8/29/2024,248,0,3,3.83937853848255e-06,0,5
521,45,Female,28.33,Email,5,9/21/2024,225,0,3,0.000325072,0,5
522,28,Male,38.41,Phone,10,4/7/2024,392,0,2,1.61573285127097e-08,0,4
523,30,Female,41.03,Email,5,8/30/2023,613,0,3,2.22044604925031e-16,0,2
524,74,Male,48.09,Phone,5,3/30/2024,400,0,3,1.26000944717714e-10,0,4
525,25,Female,27.12,Email,8,4/4/2022,1126,0,2,2.22044604925031e-16,0,2
526,51,Female,74.83,Email,2,8/7/2024,270,0,3,5.93370343406545e-06,0,5
527,31,Male,34.67,Email,10,5/26/2022,1074,0,2,2.22044604925031e-16,0,2
528,38,Female,63.16,Email,6,7/15/2023,659,0,2,2.22044604925031e-16,0,2
529,46,Male,24.36,Event,8,2/11/2023,813,0,2,2.22044604925031e-16,0,2
530,75,Female,34.61,Event,7,5/25/2022,1075,0,2,2.22044604925031e-16,0,2
531,51,Female,155.56,Event,9,10/11/2024,205,0,1,0.362222621,0,5
532,46,Male,72.27,Mail,5,11/2/2023,549,0,3,2.22044604925031e-16,0,2
533,49,Female,56.39,Email,8,4/6/2023,759,0,2,2.22044604925031e-16,0,2
534,74,Female,30.86,Event,10,7/21/2023,653,0,2,2.22044604925031e-16,0,2
535,23,Male,38.72,Phone,1,5/5/2023,730,0,3,2.22044604925031e-16,0,2
536,43,Female,33.46,Phone,2,12/14/2024,141,0,3,0.00242355,0,5
537,47,Female,68.74,Phone,10,8/2/2022,1006,0,2,2.22044604925031e-16,0,2
538,22,Female,151.72,Phone,1,4/4/2024,395,0,1,7.18740694497002e-10,0,4
539,65,Male,119.71,Email,3,5/7/2023,728,0,1,2.22044604925031e-16,0,2
540,59,Male,59.48,Mail,3,9/5/2022,972,0,3,2.22044604925031e-16,0,2
541,25,Female,44.48,Email,3,7/16/2023,658,0,3,2.22044604925031e-16,0,2
542,55,Female,110.8,Email,10,7/26/2023,648,0,1,2.22044604925031e-16,0,2
543,74,Female,100.31,Email,6,6/20/2023,684,0,1,2.22044604925031e-16,0,2
544,61,Male,49.59,Mail,2,9/9/2022,968,0,3,2.22044604925031e-16,0,2
545,67,Male,133.71,Phone,10,12/1/2024,154,1,1,0.863209562,1,5
546,78,Male,69.02,Email,8,1/11/2023,844,0,2,2.22044604925031e-16,0,2
547,75,Female,36.88,Phone,9,10/14/2023,568,0,2,2.22044604925031e-16,0,2
548,49,Female,33.32,Mail,2,11/10/2022,906,0,3,2.22044604925031e-16,0,2
549,67,Female,38.28,Phone,3,6/11/2024,327,0,3,3.35051896538619e-09,0,4
550,71,Male,68.12,Email,7,7/6/2022,1033,0,2,2.22044604925031e-16,0,2
551,29,Male,43.99,Mail,8,11/12/2023,539,0,2,4.50608438010126e-13,0,4
552,44,Male,42.61,Event,5,11/6/2023,545,0,3,2.22044604925031e-16,0,2
553,57,Male,30.57,Phone,5,1/21/2022,1199,0,2,2.22044604925031e-16,0,2
554,70,Female,111.61,Mail,9,7/28/2022,1011,0,1,2.22044604925031e-16,0,2
555,55,Female,54.7,Phone,8,7/22/2022,1017,0,2,2.22044604925031e-16,0,2
556,60,Male,89.39,Mail,4,6/29/2024,309,0,1,1.4461252784125e-06,0,5
557,44,Female,38.47,Mail,6,3/9/2024,421,0,3,2.23226131942715e-10,0,4
558,23,Male,31.63,Event,7,2/16/2023,808,0,2,2.22044604925031e-16,0,2
559,34,Female,28.24,Email,8,3/8/2024,422,0,2,1.59330521108729e-09,0,4
560,71,Male,68.67,Mail,10,4/1/2022,1129,0,2,2.22044604925031e-16,0,2
561,41,Female,47.79,Email,3,8/27/2023,616,0,3,2.22044604925031e-16,0,2
562,72,Female,37.63,Mail,6,5/1/2022,1099,0,2,2.22044604925031e-16,0,2
563,68,Male,80.09,Mail,9,6/10/2024,328,0,2,6.71831241765259e-06,0,5
564,43,Male,55.36,Phone,3,6/10/2022,1059,0,3,2.22044604925031e-16,0,2
565,58,Female,35.05,Mail,2,6/4/2024,334,0,3,5.56110360241309e-09,0,4
566,66,Male,22.58,Event,6,9/19/2024,227,0,3,0.000214999,0,5
567,79,Female,86.94,Event,1,10/22/2022,925,0,3,2.22044604925031e-16,0,2
568,56,Male,18.71,Email,2,6/5/2022,1064,0,3,2.22044604925031e-16,0,2
569,65,Male,27.73,Event,1,4/30/2023,735,0,3,2.22044604925031e-16,0,2
570,73,Male,89.04,Event,3,6/10/2022,1059,0,1,2.22044604925031e-16,0,2
571,66,Male,92.24,Event,7,10/29/2022,918,0,1,2.22044604925031e-16,0,2
572,34,Male,44.4,Mail,2,2/14/2024,445,0,3,6.7291917465737e-12,0,4
573,35,Other,65.25,Phone,2,7/31/2024,277,0,3,4.04424969390969e-06,0,5
574,38,Other,42.68,Email,2,12/22/2023,499,0,3,1.39252243390519e-12,0,4
575,27,Female,77.62,Event,8,9/13/2023,599,0,2,2.22044604925031e-16,0,2
576,50,Male,69.74,Event,9,9/8/2024,238,0,2,0.005301974,0,5
577,77,Female,105.69,Mail,9,5/20/2023,715,0,1,2.22044604925031e-16,0,2
578,56,Female,78.49,Mail,5,9/1/2023,611,0,3,2.22044604925031e-16,0,2
579,58,Female,56.17,Event,6,9/21/2024,225,0,3,0.000513658,0,5
580,71,Female,36.32,Email,4,2/12/2024,447,0,3,8.34539462557033e-12,0,4
581,67,Female,57.58,Email,3,3/12/2023,784,0,3,2.22044604925031e-16,0,2
582,79,Female,44.02,Mail,10,7/16/2024,292,0,2,2.46321726072978e-05,0,5
583,35,Male,49.59,Email,3,7/8/2022,1031,0,3,2.22044604925031e-16,0,2
584,28,Male,64.12,Email,8,9/27/2023,585,0,2,2.22044604925031e-16,0,2
585,30,Male,62.5,Event,3,11/15/2022,901,0,3,2.22044604925031e-16,0,2
586,62,Male,23.22,Phone,7,1/23/2023,832,0,2,2.22044604925031e-16,0,2
587,70,Female,64.16,Mail,9,12/23/2024,132,1,2,0.804683434,1,5
588,49,Male,47.92,Email,3,8/7/2023,636,0,3,2.22044604925031e-16,0,2
589,80,Male,46.77,Email,4,1/22/2023,833,0,3,2.22044604925031e-16,0,2
590,29,Male,16.07,Mail,3,7/19/2022,1020,0,3,2.22044604925031e-16,0,2
591,74,Male,26.48,Phone,7,3/17/2024,413,0,2,9.35609516603177e-11,0,4
592,80,Female,60.87,Event,7,6/18/2024,320,0,2,6.19046624530679e-07,0,5
593,53,Male,72.44,Phone,7,2/19/2023,805,0,2,2.22044604925031e-16,0,2
594,76,Male,68.36,Event,7,7/8/2024,300,0,2,6.89883965233255e-06,0,5
595,57,Male,59.71,Event,6,11/9/2023,542,0,2,2.22044604925031e-16,0,2
596,39,Female,44.89,Phone,8,2/8/2024,451,0,2,2.73058752374794e-11,0,4
597,65,Female,56.81,Event,5,8/4/2024,273,0,3,6.37751399509656e-06,0,5
598,33,Female,55.31,Phone,4,1/9/2024,481,0,3,3.09053275525727e-13,0,4
599,25,Male,61.51,Event,4,7/22/2022,1017,0,3,2.22044604925031e-16,0,2
600,37,Female,64.2,Event,9,7/19/2024,289,0,2,7.8507821576253e-05,0,5
601,21,Male,59.42,Event,2,6/13/2024,325,0,3,1.00341508849489e-07,0,5
602,75,Male,110.4,Event,2,12/7/2024,148,0,1,0.064279765,0,5
603,27,Other,90.46,Email,7,4/10/2022,1120,0,2,2.22044604925031e-16,0,2
604,30,Male,62.03,Phone,3,11/23/2024,162,0,3,0.006490769,0,5
605,40,Other,76.14,Mail,1,10/20/2023,562,0,3,2.22044604925031e-16,0,2
606,76,Male,14.96,Event,9,8/20/2022,988,0,2,2.22044604925031e-16,0,2
607,26,Male,48.33,Phone,4,5/2/2022,1098,0,3,2.22044604925031e-16,0,2
608,70,Female,31.41,Mail,9,8/28/2023,615,0,2,2.22044604925031e-16,0,2
609,42,Female,103.58,Email,1,7/1/2024,307,0,1,6.25043946193913e-07,0,5
610,27,Female,55.04,Event,2,8/16/2024,261,0,3,4.7249567519177e-06,0,5
611,78,Male,38.99,Phone,1,12/24/2022,862,0,3,2.22044604925031e-16,0,2
612,29,Female,67.26,Event,9,5/8/2022,1092,0,2,2.22044604925031e-16,0,2
613,56,Female,135.35,Email,3,3/13/2023,783,0,1,2.22044604925031e-16,0,2
614,36,Female,41.09,Event,3,10/8/2024,208,0,3,0.000238815,0,5
615,74,Male,44.48,Mail,7,12/18/2023,503,0,2,1.08216067093344e-12,0,4
616,25,Female,42.26,Mail,8,10/6/2022,941,0,2,2.22044604925031e-16,0,2
617,59,Male,41.01,Mail,4,4/3/2023,762,0,3,2.22044604925031e-16,0,2
618,71,Female,85.75,Mail,2,4/8/2024,391,0,3,3.19352048165054e-10,0,4
619,25,Male,37.56,Phone,6,10/18/2023,564,0,2,2.22044604925031e-16,0,2
620,66,Male,52.45,Mail,1,7/17/2023,657,0,3,2.22044604925031e-16,0,3
621,47,Female,32.21,Email,6,11/27/2024,158,0,3,0.090282727,0,5
622,51,Female,62.55,Email,3,3/14/2022,1147,0,3,2.22044604925031e-16,0,3
623,68,Male,49.52,Mail,3,9/22/2023,590,0,3,2.22044604925031e-16,0,3
624,54,Male,28.74,Mail,9,8/28/2022,980,0,2,2.22044604925031e-16,0,3
625,47,Female,39.61,Email,5,1/26/2024,464,0,3,9.54680524179812e-12,0,4
626,66,Other,33.6,Event,4,5/11/2024,358,0,3,2.99933412823898e-08,0,4
627,39,Female,28.61,Email,3,9/8/2024,238,0,3,3.66905949640063e-05,0,5
628,20,Female,35.47,Mail,5,5/29/2024,340,0,3,7.31739119883555e-08,0,5
629,24,Female,18.52,Phone,3,2/3/2024,456,0,3,3.64117606164692e-13,0,4
630,30,Male,108.21,Email,7,11/7/2023,544,0,1,2.70905125846369e-12,0,4
631,66,Male,42.59,Phone,3,8/27/2022,981,0,3,2.22044604925031e-16,0,3
632,39,Female,59.04,Mail,3,9/23/2022,954,0,3,2.22044604925031e-16,0,3
633,21,Male,55.77,Mail,1,2/21/2022,1168,0,3,2.22044604925031e-16,0,3
634,67,Female,63.43,Event,4,11/3/2022,913,0,3,2.22044604925031e-16,0,3
635,74,Male,55.2,Email,6,2/23/2024,436,0,3,2.32663932966983e-10,0,4
636,70,Male,79.59,Event,5,2/3/2022,1186,0,1,2.22044604925031e-16,0,3
637,29,Male,93.1,Email,10,6/16/2023,688,0,2,2.22044604925031e-16,0,3
638,70,Male,39.07,Mail,7,11/21/2022,895,0,2,2.22044604925031e-16,0,3
639,78,Female,25.81,Phone,2,2/19/2024,440,0,3,1.99880906963364e-13,0,4
640,68,Female,61.67,Phone,8,3/8/2024,422,0,2,1.98221511235073e-10,0,4
641,26,Male,51.43,Email,10,10/30/2022,917,0,2,2.22044604925031e-16,0,3
642,80,Other,36.46,Mail,1,11/26/2022,890,0,3,2.22044604925031e-16,0,3
643,57,Female,57.15,Email,10,10/9/2023,573,0,2,1.32365306083981e-13,0,4
644,63,Female,86.74,Mail,5,9/7/2024,239,0,1,0.000240999,0,5
645,55,Female,56.09,Mail,9,6/24/2024,314,0,2,6.56076854288237e-06,0,5
646,72,Male,29.6,Phone,2,8/5/2024,272,0,3,1.16825525571926e-07,0,5
647,42,Male,64,Email,9,3/30/2023,766,0,2,2.22044604925031e-16,0,3
648,70,Male,30.79,Mail,8,10/27/2024,189,0,2,0.017892345,0,5
649,53,Other,62.61,Phone,10,11/20/2022,896,0,2,2.22044604925031e-16,0,3
650,43,Male,60.45,Email,10,2/10/2022,1179,0,2,2.22044604925031e-16,0,3
651,23,Female,116.3,Event,4,7/29/2022,1010,0,1,2.22044604925031e-16,0,3
652,73,Female,49.64,Email,6,6/13/2024,325,0,3,4.04313447820123e-07,0,5
653,48,Male,78.81,Event,7,11/20/2022,896,0,2,2.22044604925031e-16,0,3
654,77,Male,85.01,Event,8,2/14/2022,1175,0,2,2.22044604925031e-16,0,3
655,42,Male,49.19,Mail,9,6/12/2023,692,0,2,2.22044604925031e-16,0,3
656,78,Other,26.19,Phone,9,12/21/2022,865,0,2,2.22044604925031e-16,0,3
657,30,Male,53.64,Mail,7,1/6/2024,484,0,2,1.77075970309501e-11,0,4
658,73,Male,63.43,Event,2,9/19/2022,958,0,3,2.22044604925031e-16,0,3
659,52,Female,66.41,Mail,6,9/19/2023,593,0,2,2.22044604925031e-16,0,3
660,73,Male,59.56,Phone,1,11/6/2022,910,0,3,2.22044604925031e-16,0,3
661,75,Female,49.11,Event,5,11/19/2024,166,0,3,0.010405751,0,5
662,70,Male,94.19,Phone,8,3/25/2022,1136,0,1,2.22044604925031e-16,0,3
663,69,Other,53.78,Email,8,7/14/2022,1025,0,2,2.22044604925031e-16,0,3
664,78,Male,52.17,Email,4,3/20/2024,410,0,3,3.2835587157841e-10,0,4
665,67,Male,68.62,Mail,1,12/9/2024,146,0,3,0.013060037,0,5
666,22,Female,66.44,Phone,9,9/1/2022,976,0,2,2.22044604925031e-16,0,3
667,52,Male,131.61,Mail,1,3/10/2023,786,0,1,2.22044604925031e-16,0,3
668,49,Other,104.27,Event,2,7/16/2022,1023,0,1,2.22044604925031e-16,0,3
669,53,Male,89.24,Phone,2,1/12/2023,843,0,3,2.22044604925031e-16,0,3
670,21,Female,62.25,Event,4,5/5/2024,364,0,3,1.36238031418314e-08,0,4
671,59,Female,39.76,Email,10,2/3/2023,821,0,2,2.22044604925031e-16,0,3
672,77,Female,31.69,Email,1,7/10/2022,1029,0,3,2.22044604925031e-16,0,3
673,39,Male,34.24,Phone,5,4/16/2024,383,0,3,6.64927068479479e-10,0,4
674,33,Female,35.46,Mail,8,10/19/2023,563,0,2,2.22044604925031e-16,0,3
675,44,Other,70.19,Phone,8,12/29/2024,126,1,2,0.943759501,1,5
676,64,Male,41.17,Email,2,10/13/2022,934,0,3,2.22044604925031e-16,0,3
677,26,Male,49.99,Mail,7,10/7/2024,209,0,2,0.011540959,0,5
678,59,Other,105.71,Email,7,9/14/2024,232,0,1,0.072422507,0,5
679,80,Female,62.57,Email,1,7/26/2022,1013,0,3,2.22044604925031e-16,0,3
680,54,Male,54.9,Mail,1,12/17/2023,504,0,3,2.22044604925031e-16,0,3
681,50,Female,36.96,Mail,4,1/28/2024,462,0,3,2.22719887827835e-12,0,4
682,41,Male,38.45,Mail,1,10/27/2023,555,0,3,2.22044604925031e-16,0,3
683,35,Female,37.35,Event,5,3/5/2024,425,0,3,9.27190396204155e-11,0,4
684,78,Female,50.14,Event,2,5/20/2023,715,0,3,2.22044604925031e-16,0,3
685,41,Male,39.32,Phone,3,6/5/2022,1064,0,3,2.22044604925031e-16,0,3
686,48,Female,59.07,Event,4,5/10/2023,725,0,3,2.22044604925031e-16,0,3
687,75,Male,94.32,Event,1,7/21/2024,287,0,3,6.98339138280826e-07,0,5
688,52,Female,63.47,Email,1,7/27/2024,281,0,3,8.84898181549304e-07,0,5
689,63,Female,41.3,Phone,4,6/3/2023,701,0,3,2.22044604925031e-16,0,3
690,69,Other,31.89,Email,6,8/31/2024,246,0,3,0.000944489,0,5
691,72,Female,60.36,Mail,4,4/21/2024,378,0,3,1.39522940111281e-09,0,4
692,50,Female,56.94,Phone,6,1/19/2023,836,0,2,2.22044604925031e-16,0,3
693,65,Other,34.36,Mail,9,11/25/2023,526,0,2,4.3259297777265e-12,0,4
694,27,Male,66.24,Event,4,7/29/2023,645,0,3,2.22044604925031e-16,0,3
695,43,Male,75.96,Event,4,9/6/2024,240,0,3,0.000214001,0,5
696,79,Female,47.56,Email,6,1/21/2024,469,0,3,7.75230699392501e-12,0,4
697,49,Male,63.84,Phone,10,7/11/2024,297,0,2,2.50204962283286e-05,0,5
698,42,Other,38.75,Mail,2,9/1/2024,245,0,3,7.4490324993937e-05,0,5
699,56,Male,169.71,Email,8,4/13/2024,386,0,1,2.56623554005158e-06,0,5
700,51,Female,23.43,Mail,1,5/30/2022,1070,0,3,2.22044604925031e-16,0,3
701,36,Other,73.25,Mail,10,8/6/2024,271,0,2,0.009723598,0,5
702,45,Male,56.44,Email,8,10/6/2024,210,0,2,0.034262915,0,5
703,78,Female,27.05,Phone,5,3/26/2023,770,0,3,2.22044604925031e-16,0,3
704,76,Female,46,Phone,4,3/21/2024,409,0,3,1.60776000631844e-11,0,4
705,76,Female,38.22,Mail,8,1/15/2023,840,0,2,2.22044604925031e-16,0,3
706,62,Male,42.6,Mail,10,6/13/2022,1056,0,2,2.22044604925031e-16,0,3
707,42,Male,39.02,Mail,2,4/17/2022,1113,0,3,2.22044604925031e-16,0,3
708,45,Other,46.26,Phone,6,1/24/2023,831,0,2,2.22044604925031e-16,0,3
709,55,Female,59.48,Email,2,12/22/2024,133,0,3,0.074866118,0,5
710,64,Other,33.46,Mail,10,8/2/2023,641,0,2,2.22044604925031e-16,0,3
711,27,Male,64.1,Phone,1,1/24/2024,466,0,3,3.3020902570486e-13,0,4
712,34,Male,34.61,Event,8,7/18/2023,656,0,2,2.22044604925031e-16,0,3
713,78,Male,105.68,Event,4,5/20/2023,715,0,1,2.22044604925031e-16,0,3
714,55,Other,50.79,Phone,3,4/7/2023,758,0,3,2.22044604925031e-16,0,3
715,64,Male,33.6,Email,7,2/18/2023,806,0,2,2.22044604925031e-16,0,3
716,22,Male,47.84,Email,2,2/27/2024,432,0,3,5.62685760567986e-11,0,4
717,58,Female,78.98,Phone,1,5/26/2023,709,0,3,2.22044604925031e-16,0,3
718,52,Female,64.47,Event,8,2/25/2024,434,0,2,6.07321848306481e-10,0,4
719,57,Other,45.97,Mail,1,12/29/2024,126,0,3,0.178143883,0,5
720,64,Male,128.1,Event,5,12/6/2023,515,0,1,2.1137264654312e-12,0,4
721,45,Female,63.65,Event,7,6/27/2022,1042,0,2,2.22044604925031e-16,0,3
722,47,Female,48.57,Email,2,4/8/2023,757,0,3,2.22044604925031e-16,0,3
723,45,Male,41.01,Phone,6,7/20/2024,288,0,3,1.60274921496901e-06,0,5
724,36,Female,98.89,Event,8,5/4/2023,731,0,1,2.22044604925031e-16,0,3
725,42,Other,71.82,Mail,10,11/30/2024,155,1,2,0.977156652,1,5
726,72,Male,25.51,Event,3,6/4/2022,1065,0,3,2.22044604925031e-16,0,3
727,57,Female,91.32,Mail,5,7/9/2024,299,0,1,3.85552326775495e-06,0,5
728,29,Male,81.01,Phone,9,12/20/2023,501,0,2,1.0260081773173e-11,0,4
729,64,Other,64.75,Phone,8,3/26/2022,1135,0,2,2.22044604925031e-16,0,3
730,57,Male,25.86,Email,5,9/21/2024,225,0,3,0.0004,0,5
731,60,Male,48.78,Mail,6,2/19/2023,805,0,2,2.22044604925031e-16,0,3
732,27,Female,46.81,Mail,7,6/28/2024,310,0,2,3.26531606476458e-06,0,5
733,20,Male,59.67,Email,1,5/11/2022,1089,0,3,2.22044604925031e-16,0,3
734,35,Female,17.94,Email,1,8/25/2023,618,0,3,2.22044604925031e-16,0,3
735,73,Male,88.89,Event,10,12/29/2024,126,1,2,0.978105526,1,5
736,21,Female,24.93,Phone,9,5/12/2024,357,0,2,4.56793234477854e-08,0,5
737,59,Female,47.23,Event,8,6/10/2023,694,0,2,2.22044604925031e-16,0,3
738,33,Male,31.73,Phone,10,11/24/2024,161,0,2,0.229809671,0,5
739,31,Male,42.79,Email,3,10/21/2023,561,0,3,2.22044604925031e-16,0,3
740,45,Female,35.11,Event,2,8/11/2022,997,0,3,2.22044604925031e-16,0,3
741,27,Female,59.94,Phone,3,10/27/2023,555,0,3,2.22044604925031e-16,0,3
742,60,Male,50.31,Email,7,2/3/2024,456,0,2,1.27042018317844e-10,0,4
743,27,Male,52.24,Event,6,12/31/2022,855,0,2,2.22044604925031e-16,0,3
744,76,Female,75.04,Mail,2,7/27/2022,1012,0,3,2.22044604925031e-16,0,3
745,28,Female,89.84,Email,7,11/12/2024,173,1,1,0.412567031,0,5
746,71,Other,94.01,Email,1,3/19/2022,1142,0,1,2.22044604925031e-16,0,3
747,52,Female,69.3,Mail,10,6/29/2023,675,0,2,2.22044604925031e-16,0,3
748,22,Male,48.26,Phone,8,8/19/2023,624,0,2,2.22044604925031e-16,0,3
749,59,Male,35.17,Phone,6,1/3/2022,1217,0,2,2.22044604925031e-16,0,3
750,21,Female,30.34,Email,10,11/2/2022,914,0,2,2.22044604925031e-16,0,3
751,20,Female,105.29,Mail,6,7/13/2022,1026,0,1,2.22044604925031e-16,0,3
752,28,Male,57.44,Event,2,11/25/2024,160,0,3,0.015428674,0,5
753,74,Male,142.43,Phone,10,3/27/2022,1134,0,1,2.22044604925031e-16,0,3
754,26,Female,80.32,Email,3,1/18/2024,472,0,3,8.60634151032997e-12,0,4
755,32,Female,74,Event,2,4/10/2023,755,0,3,2.22044604925031e-16,0,3
756,48,Male,50.66,Phone,3,6/24/2022,1045,0,3,2.22044604925031e-16,0,3
757,39,Other,85.75,Phone,7,8/9/2022,999,0,2,2.22044604925031e-16,0,3
758,33,Male,90.33,Mail,6,5/18/2023,717,0,1,2.22044604925031e-16,0,3
759,79,Male,19.06,Phone,5,10/28/2022,919,0,3,2.22044604925031e-16,0,3
760,35,Female,53.11,Event,1,10/27/2023,555,0,3,2.22044604925031e-16,0,3
761,26,Male,50.84,Email,9,6/2/2023,702,0,2,2.22044604925031e-16,0,3
762,55,Female,68.31,Mail,4,4/16/2022,1114,0,3,2.22044604925031e-16,0,3
763,64,Male,143.87,Phone,5,9/8/2022,969,0,1,2.22044604925031e-16,0,3
764,31,Male,143.34,Event,2,7/11/2022,1028,0,1,2.22044604925031e-16,0,3
765,44,Female,75.1,Event,2,10/30/2024,186,0,3,0.00153939,0,5
766,46,Other,65.97,Email,2,10/2/2024,214,0,3,0.003473727,0,5
767,32,Male,204.81,Phone,1,12/30/2024,125,0,1,0.731237806,1,5
768,39,Male,78.46,Mail,7,7/26/2022,1013,0,2,2.22044604925031e-16,0,3
769,29,Male,28.37,Phone,9,6/20/2022,1049,0,2,2.22044604925031e-16,0,3
770,49,Female,35.36,Mail,7,5/30/2022,1070,0,2,2.22044604925031e-16,0,3
771,60,Male,54.23,Mail,1,5/15/2024,354,0,3,2.05273008788538e-09,0,4
772,31,Male,89.99,Phone,7,11/2/2023,549,0,1,9.53043957686476e-14,0,4
773,27,Male,40.67,Event,9,8/30/2023,613,0,2,2.22044604925031e-16,0,3
774,26,Male,71.65,Phone,3,1/27/2022,1193,0,3,2.22044604925031e-16,0,3
775,76,Male,27.97,Mail,1,8/16/2022,992,0,3,2.22044604925031e-16,0,3
776,34,Male,63.21,Event,1,7/26/2024,282,0,3,9.94450671421013e-07,0,5
777,38,Female,47.7,Event,2,5/22/2022,1078,0,3,2.22044604925031e-16,0,3
778,68,Male,105.11,Phone,2,11/20/2023,531,0,1,2.22044604925031e-16,0,3
779,62,Female,127.31,Event,3,5/15/2024,354,0,1,4.47618132008589e-08,0,5
780,58,Other,58.86,Phone,6,11/4/2024,181,0,3,0.034066965,0,5
781,70,Female,63.9,Event,5,6/26/2023,678,0,3,2.22044604925031e-16,0,3
782,42,Female,53.2,Phone,7,7/3/2024,305,0,2,8.15402044990056e-07,0,5
783,77,Male,88.06,Phone,7,3/3/2023,793,0,1,2.22044604925031e-16,0,3
784,54,Male,60.16,Email,5,10/10/2022,937,0,2,2.22044604925031e-16,0,3
785,25,Male,41.51,Event,2,2/22/2023,802,0,3,2.22044604925031e-16,0,3
786,26,Female,63.62,Event,5,11/5/2024,180,0,3,0.019864602,0,5
787,23,Male,38.04,Event,8,2/24/2023,800,0,2,2.22044604925031e-16,0,3
788,29,Male,33.95,Mail,5,1/31/2023,824,0,3,2.22044604925031e-16,0,3
789,36,Male,60.74,Phone,9,4/11/2023,754,0,2,2.22044604925031e-16,0,3
790,67,Male,74.05,Mail,10,9/20/2022,957,0,2,2.22044604925031e-16,0,3
791,27,Male,68.11,Phone,4,3/2/2024,428,0,3,4.94650677827886e-11,0,4
792,72,Other,45.67,Event,9,5/30/2022,1070,0,2,2.22044604925031e-16,0,3
793,22,Female,131.1,Phone,10,12/5/2023,516,0,1,2.3411709990266e-11,0,4
794,63,Female,35.72,Mail,9,1/15/2023,840,0,2,2.22044604925031e-16,0,3
795,72,Female,53.6,Phone,2,12/4/2024,151,0,3,0.001101904,0,5
796,65,Male,43.71,Mail,6,3/3/2024,427,0,3,1.82150974566792e-10,0,4
797,56,Female,69.36,Mail,3,8/23/2024,254,0,3,1.34063006051113e-05,0,5
798,33,Other,52.51,Phone,6,6/8/2023,696,0,2,2.22044604925031e-16,0,3
799,47,Male,54.5,Phone,1,8/29/2024,248,0,3,1.46176308391127e-06,0,5
800,25,Female,69.75,Mail,7,8/4/2024,273,0,2,0.000112941,0,5
801,28,Male,29.74,Phone,3,4/23/2024,376,0,3,3.17894462593614e-10,0,4
802,52,Female,49.47,Email,1,5/5/2023,730,0,3,2.22044604925031e-16,0,3
803,71,Male,128.29,Mail,2,5/6/2023,729,0,1,2.22044604925031e-16,0,3
804,65,Male,37.35,Mail,1,8/6/2024,271,0,3,4.79446119308666e-07,0,5
805,38,Female,88.78,Phone,4,1/7/2022,1213,0,1,2.22044604925031e-16,0,3
806,56,Male,32.59,Event,10,1/28/2023,827,0,2,2.22044604925031e-16,0,3
807,53,Female,80.18,Mail,2,11/23/2023,528,0,3,2.22044604925031e-16,0,3
808,20,Male,63.47,Email,8,6/20/2022,1049,0,2,2.22044604925031e-16,0,3
809,47,Female,67.51,Phone,4,6/13/2023,691,0,3,2.22044604925031e-16,0,3
810,71,Other,54.78,Email,5,10/15/2023,567,0,3,2.22044604925031e-16,0,3
811,49,Male,79.09,Email,6,7/20/2022,1019,0,2,2.22044604925031e-16,0,3
812,23,Male,119.05,Email,5,6/18/2022,1051,0,1,2.22044604925031e-16,0,3
813,78,Female,44.32,Mail,4,6/8/2024,330,0,3,2.45893071009512e-08,0,4
814,45,Male,44.25,Event,5,1/7/2024,483,0,3,2.2457333839687e-12,0,4
815,77,Male,77.37,Mail,7,11/21/2022,895,0,2,2.22044604925031e-16,0,3
816,30,Other,49.13,Phone,7,3/21/2024,409,0,2,4.87137250903021e-09,0,4
817,24,Female,117.98,Phone,10,7/15/2024,293,0,1,0.00020824,0,5
818,73,Male,62.95,Event,10,10/1/2022,946,0,2,2.22044604925031e-16,0,3
819,55,Other,64.13,Event,10,3/28/2024,402,0,2,2.61267726653654e-07,0,5
820,38,Male,32,Event,2,4/8/2022,1122,0,3,2.22044604925031e-16,0,3
821,54,Male,111.37,Email,2,5/17/2024,352,0,1,7.72834276339986e-08,0,5
822,52,Female,99.46,Event,10,1/26/2023,829,0,2,2.22044604925031e-16,0,3
823,58,Male,23.59,Mail,2,6/14/2023,690,0,3,2.22044604925031e-16,0,3
824,24,Male,136.24,Email,5,7/19/2024,289,0,1,0.000307486,0,5
825,80,Female,41.78,Event,1,4/5/2024,394,0,3,2.21734358928171e-11,0,4
826,42,Female,35.95,Mail,6,6/20/2023,684,0,2,2.22044604925031e-16,0,3
827,60,Male,37.37,Phone,6,3/23/2022,1138,0,2,2.22044604925031e-16,0,3
828,44,Male,28.16,Phone,10,5/27/2023,708,0,2,2.22044604925031e-16,0,3
829,75,Male,80.98,Email,8,12/7/2022,879,0,2,2.22044604925031e-16,0,3
830,68,Female,27.43,Mail,7,11/3/2022,913,0,2,2.22044604925031e-16,0,3
831,40,Male,31.97,Event,2,3/5/2022,1156,0,3,2.22044604925031e-16,0,3
832,24,Female,33.34,Event,5,5/24/2024,345,0,3,3.94403272028868e-08,0,4
833,75,Female,71.4,Phone,1,12/11/2022,875,0,3,2.22044604925031e-16,0,3
834,31,Female,43.7,Mail,1,8/22/2022,986,0,3,2.22044604925031e-16,0,3
835,21,Other,54.5,Email,2,1/7/2023,848,0,3,2.22044604925031e-16,0,3
836,73,Female,39.97,Email,3,1/17/2023,838,0,3,2.22044604925031e-16,0,3
837,37,Female,68.75,Event,6,6/16/2024,322,0,3,1.00685693450855e-06,0,5
838,23,Other,40.9,Event,2,11/12/2023,539,0,3,2.22044604925031e-16,0,3
839,61,Female,126.95,Event,10,9/3/2023,609,0,1,2.22044604925031e-16,0,3
840,66,Male,55.3,Mail,10,1/30/2024,460,0,2,3.5813686042268e-10,0,4
841,42,Female,40.64,Event,9,1/11/2024,479,0,2,2.52887146535392e-11,0,4
842,73,Female,108.96,Event,1,5/13/2023,722,0,1,2.22044604925031e-16,0,3
843,27,Female,55.48,Mail,7,7/23/2022,1016,0,2,2.22044604925031e-16,0,3
844,20,Female,33.07,Email,1,3/6/2022,1155,0,3,2.22044604925031e-16,0,3
845,75,Male,33.86,Email,1,5/25/2022,1075,0,3,2.22044604925031e-16,0,3
846,30,Female,69.78,Mail,8,12/24/2023,497,0,2,1.28128470571314e-11,0,4
847,56,Female,30.27,Phone,7,8/11/2023,632,0,2,2.22044604925031e-16,0,3
848,30,Female,118.91,Email,8,1/22/2023,833,0,1,2.22044604925031e-16,0,3
849,34,Male,34.74,Phone,4,4/13/2022,1117,0,3,2.22044604925031e-16,0,3
850,34,Male,25.76,Email,3,7/31/2024,277,0,3,3.79859588421835e-06,0,5
851,76,Other,24.97,Mail,3,12/6/2024,149,0,3,0.046741431,0,5
852,75,Female,33.21,Phone,7,10/29/2023,553,0,2,2.22044604925031e-16,0,3
853,61,Male,72.15,Phone,8,6/17/2022,1052,0,2,2.22044604925031e-16,0,3
854,34,Other,20.77,Event,10,9/30/2022,947,0,2,2.22044604925031e-16,0,3
855,34,Male,42.78,Event,7,1/8/2022,1212,0,2,2.22044604925031e-16,0,3
856,71,Female,52.7,Event,7,5/28/2022,1072,0,2,2.22044604925031e-16,0,3
857,63,Male,26.85,Mail,9,12/17/2022,869,0,2,2.22044604925031e-16,0,3
858,60,Female,60.03,Phone,8,6/23/2024,315,0,2,6.23150149934625e-07,0,5
859,80,Male,14.71,Phone,2,11/15/2022,901,0,3,2.22044604925031e-16,0,3
860,44,Female,23.61,Event,5,2/20/2022,1169,0,2,2.22044604925031e-16,0,3
861,55,Female,118.08,Email,6,2/11/2022,1178,0,1,2.22044604925031e-16,0,3
862,22,Female,126.55,Phone,10,7/29/2022,1010,0,1,2.22044604925031e-16,0,3
863,26,Male,91.98,Phone,1,4/5/2024,394,0,3,1.74448090490487e-10,0,4
864,23,Male,194.51,Mail,6,5/18/2024,351,0,1,2.08053622550125e-05,0,5
865,75,Male,41.23,Phone,10,5/5/2024,364,0,2,4.39900331306952e-08,0,4
866,59,Male,130.58,Email,4,9/5/2023,607,0,1,2.22044604925031e-16,0,3
867,72,Male,30.85,Mail,5,12/23/2023,498,0,3,2.6411512595894e-13,0,4
868,56,Male,86.03,Phone,4,7/29/2023,645,0,1,2.22044604925031e-16,0,3
869,43,Male,23.41,Mail,4,3/24/2022,1137,0,3,2.22044604925031e-16,0,3
870,57,Female,71.46,Mail,8,12/5/2022,881,0,2,2.22044604925031e-16,0,3
871,23,Male,18.66,Phone,10,6/12/2024,326,0,2,1.25053176864276e-06,0,5
872,22,Male,23.88,Event,1,6/2/2024,336,0,3,6.7231258461786e-09,0,4
873,30,Male,30.38,Event,5,6/29/2023,675,0,3,2.22044604925031e-16,0,3
874,29,Male,37.73,Email,1,11/5/2022,911,0,3,2.22044604925031e-16,0,3
875,48,Female,60.11,Mail,9,12/27/2022,859,0,2,2.22044604925031e-16,0,3
876,42,Female,49.66,Mail,2,9/4/2022,973,0,3,2.22044604925031e-16,0,3
877,24,Male,106.36,Email,6,11/16/2022,900,0,1,2.22044604925031e-16,0,3
878,43,Male,114.88,Mail,4,11/6/2024,179,1,1,0.07088873,0,5
879,51,Female,83.96,Event,5,11/20/2023,531,0,1,1.15398458981521e-13,0,4
880,44,Male,44.48,Event,1,7/24/2022,1015,0,3,2.22044604925031e-16,0,3
881,30,Male,54.86,Email,2,3/7/2022,1154,0,3,2.22044604925031e-16,0,3
882,29,Other,50.8,Event,8,8/12/2023,631,0,2,2.22044604925031e-16,0,3
883,34,Male,90.07,Phone,3,9/24/2022,953,0,1,2.22044604925031e-16,0,3
884,70,Male,52.61,Mail,9,6/5/2022,1064,0,2,2.22044604925031e-16,0,3
885,79,Female,37.48,Event,4,3/22/2022,1139,0,3,2.22044604925031e-16,0,3
886,50,Male,71.94,Event,7,12/14/2022,872,0,2,2.22044604925031e-16,0,3
887,29,Female,18.37,Email,2,8/6/2024,271,0,3,1.46555739481546e-06,0,5
888,64,Male,57.18,Mail,10,9/1/2023,611,0,2,2.22044604925031e-16,0,3
889,78,Other,38.72,Phone,6,10/9/2024,207,0,3,0.001613973,0,5
890,43,Male,45.83,Mail,1,8/6/2024,271,0,3,1.09327220636914e-06,0,5
891,54,Female,73.7,Email,5,12/10/2024,145,1,3,0.301847273,0,5
892,69,Female,61.33,Phone,8,10/19/2022,928,0,2,2.22044604925031e-16,0,3
893,29,Female,74.62,Mail,6,1/7/2024,483,0,2,1.09338108457825e-11,0,4
894,27,Female,55.36,Phone,1,5/3/2024,366,0,3,2.23461005805901e-10,0,4
895,63,Female,35.9,Phone,1,8/5/2024,272,0,3,5.02289234382438e-08,0,5
896,61,Male,32.82,Mail,5,12/28/2023,493,0,3,5.35411600873406e-13,0,4
897,51,Male,53.31,Email,4,12/5/2023,516,0,3,2.62712225290388e-13,0,4
898,58,Female,150.07,Mail,8,9/25/2024,221,0,1,0.062197286,0,5
899,26,Male,23.36,Mail,5,3/31/2023,765,0,3,2.22044604925031e-16,0,3
900,57,Male,59.39,Phone,4,11/25/2022,891,0,3,2.22044604925031e-16,0,3
901,36,Female,42.05,Event,3,10/29/2022,918,0,3,2.22044604925031e-16,0,3
902,39,Female,37.87,Phone,1,3/5/2023,791,0,3,2.22044604925031e-16,0,3
903,52,Male,72.11,Mail,3,11/13/2023,538,0,3,2.22044604925031e-16,0,3
904,56,Female,48.41,Phone,9,3/14/2024,416,0,2,5.33741834042551e-10,0,4
905,29,Male,108.07,Phone,7,6/7/2023,697,0,1,2.22044604925031e-16,0,3
906,64,Female,36.99,Event,2,6/21/2022,1048,0,3,2.22044604925031e-16,0,3
907,29,Male,22.84,Event,6,3/3/2022,1158,0,2,2.22044604925031e-16,0,3
908,21,Male,29.79,Email,2,5/24/2023,711,0,3,2.22044604925031e-16,0,3
909,34,Female,29.66,Event,1,11/8/2022,908,0,3,2.22044604925031e-16,0,3
910,42,Female,78.7,Email,9,4/15/2023,750,0,2,2.22044604925031e-16,0,3
911,66,Male,57.92,Email,7,6/12/2024,326,0,2,2.10109830201144e-06,0,5
912,59,Female,73.91,Event,9,1/4/2023,851,0,2,2.22044604925031e-16,0,3
913,54,Female,62.03,Mail,7,11/9/2023,542,0,2,9.87836545183583e-14,0,4
914,21,Male,87.33,Event,6,12/18/2023,503,0,1,7.67807840137858e-12,0,4
915,25,Male,98.99,Event,4,9/11/2022,966,0,1,2.22044604925031e-16,0,3
916,65,Female,87.89,Phone,3,6/15/2024,323,0,3,2.44290864954426e-08,0,4
917,78,Male,44.07,Mail,8,8/21/2022,987,0,2,2.22044604925031e-16,0,3
918,66,Male,35.29,Email,8,5/6/2023,729,0,2,2.22044604925031e-16,0,3
919,70,Female,71.52,Phone,1,5/10/2023,725,0,3,2.22044604925031e-16,0,3
920,28,Other,86.71,Event,1,2/7/2023,817,0,3,2.22044604925031e-16,0,3
921,42,Female,33.65,Mail,9,11/25/2022,891,0,2,2.22044604925031e-16,0,3
922,44,Female,82.56,Event,1,5/1/2024,368,0,3,1.42218180436657e-09,0,4
923,34,Female,38.58,Phone,10,7/25/2022,1014,0,2,2.22044604925031e-16,0,3
924,41,Female,47.99,Mail,8,9/16/2024,230,0,2,0.001768044,0,5
925,67,Female,42.32,Phone,6,5/19/2023,716,0,2,2.22044604925031e-16,0,3
926,27,Female,44.5,Phone,9,7/14/2024,294,0,2,7.92696411783043e-06,0,5
927,48,Female,14.47,Email,7,5/4/2024,365,0,2,2.42540332643533e-08,0,4
928,60,Other,61.93,Mail,8,2/3/2022,1186,0,2,2.22044604925031e-16,0,3
929,40,Male,34.27,Email,2,1/30/2022,1190,0,3,2.22044604925031e-16,0,3
930,74,Female,39.91,Phone,9,5/9/2024,360,0,2,1.62113889028513e-08,0,4
931,67,Male,31.47,Phone,6,10/19/2023,563,0,2,2.22044604925031e-16,0,3
932,28,Male,51.3,Email,8,3/6/2024,424,0,2,6.14151176041554e-09,0,4
933,53,Male,47.24,Event,7,4/2/2023,763,0,2,2.22044604925031e-16,0,3
934,75,Male,87.56,Mail,9,6/11/2023,693,0,2,2.22044604925031e-16,0,3
935,60,Male,77.87,Event,8,11/24/2023,527,0,2,1.44157122116165e-12,0,4
936,62,Female,70.1,Event,4,6/19/2024,319,0,3,1.78539825437599e-07,0,5
937,75,Female,19.44,Phone,2,6/28/2023,676,0,3,2.22044604925031e-16,0,3
938,30,Other,63.86,Event,5,12/17/2024,138,1,3,0.820660044,1,5
939,23,Female,20.71,Email,9,10/16/2022,931,0,2,2.22044604925031e-16,0,3
940,26,Male,179.21,Mail,7,7/26/2022,1013,0,1,2.22044604925031e-16,0,3
941,75,Male,57.26,Event,2,5/30/2022,1070,0,3,2.22044604925031e-16,0,3
942,69,Female,29.54,Mail,9,4/13/2024,386,0,2,9.41157815496437e-09,0,4
943,79,Female,54.59,Email,1,11/7/2022,909,0,3,2.22044604925031e-16,0,3
944,30,Male,59.79,Phone,2,10/7/2024,209,0,3,9.43386169487851e-05,0,5
945,73,Female,92.72,Mail,3,6/19/2024,319,0,1,1.562330081375e-07,0,5
946,52,Female,97.8,Email,10,7/1/2024,307,0,2,0.000199165,0,5
947,30,Male,8.06,Event,7,4/13/2023,752,0,2,2.22044604925031e-16,0,3
948,79,Male,88.83,Email,2,2/28/2022,1161,0,1,2.22044604925031e-16,0,3
949,77,Female,21.38,Phone,4,2/1/2024,458,0,3,1.85603782139515e-13,0,4
950,57,Male,77.34,Phone,10,10/11/2023,571,0,2,2.22044604925031e-16,0,3
951,40,Female,25.13,Email,9,8/30/2022,978,0,2,2.22044604925031e-16,0,4
952,29,Male,48.98,Phone,3,6/15/2024,323,0,3,2.94818926217712e-08,0,4
953,76,Female,60.35,Event,8,9/16/2022,961,0,2,2.22044604925031e-16,0,4
954,69,Female,167.71,Phone,7,1/11/2022,1209,0,1,2.22044604925031e-16,0,4
955,22,Male,40.49,Phone,9,7/14/2024,294,0,2,1.41107714382252e-05,0,5
956,54,Female,179.15,Email,6,12/23/2022,863,0,1,2.22044604925031e-16,0,4
957,53,Male,26.8,Mail,2,11/11/2023,540,0,3,2.22044604925031e-16,0,4
958,77,Female,44.31,Mail,7,6/29/2024,309,0,2,9.40695937029912e-07,0,5
959,59,Female,39.02,Event,6,4/14/2023,751,0,2,2.22044604925031e-16,0,4
960,47,Female,34.14,Mail,3,5/23/2022,1077,0,3,2.22044604925031e-16,0,4
961,32,Female,70.12,Phone,2,10/1/2023,581,0,3,2.22044604925031e-16,0,4
962,27,Female,69.96,Phone,6,5/31/2024,338,0,3,9.0047044669735e-08,0,5
963,21,Male,17.35,Event,1,12/13/2024,142,0,3,0.009302791,0,5
964,78,Male,33.74,Phone,5,11/23/2024,162,0,3,0.003095066,0,5
965,25,Male,23.5,Email,7,11/18/2024,167,0,2,0.190770139,0,5
966,42,Female,100.53,Mail,9,5/12/2024,357,0,1,1.63917834078148e-06,0,5
967,36,Female,83.89,Phone,4,8/8/2023,635,0,3,2.22044604925031e-16,0,4
968,51,Female,69.93,Email,10,1/22/2024,468,0,2,5.50506013091053e-10,0,4
969,33,Female,140.92,Event,1,1/9/2023,846,0,1,2.22044604925031e-16,0,4
970,26,Male,55.86,Mail,8,7/14/2022,1025,0,2,2.22044604925031e-16,0,4
971,32,Female,64.17,Phone,6,12/30/2022,856,0,2,2.22044604925031e-16,0,4
972,27,Male,31.54,Phone,9,1/11/2023,844,0,2,2.22044604925031e-16,0,4
973,57,Male,157.53,Event,1,7/7/2023,667,0,1,2.22044604925031e-16,0,4
974,30,Other,49.19,Email,8,8/1/2022,1007,0,2,2.22044604925031e-16,0,4
975,61,Female,40.71,Event,3,6/10/2024,328,0,3,1.78598510304111e-08,0,4
976,36,Male,42.86,Mail,10,9/17/2024,229,0,2,0.012815443,0,5
977,26,Female,166.43,Phone,5,10/25/2024,191,0,1,0.055792802,0,5
978,74,Female,32.22,Mail,10,5/8/2022,1092,0,2,2.22044604925031e-16,0,4
979,63,Female,68.9,Email,1,7/27/2023,647,0,3,2.22044604925031e-16,0,4
980,79,Other,49.57,Event,1,9/29/2023,583,0,3,2.22044604925031e-16,0,4
981,38,Female,88.47,Phone,5,10/19/2022,928,0,1,2.22044604925031e-16,0,4
982,68,Other,84.25,Phone,10,11/1/2022,915,0,2,2.22044604925031e-16,0,4
983,59,Female,31.89,Event,10,3/11/2024,419,0,2,2.09065218927613e-09,0,4
984,34,Female,16.48,Email,7,3/14/2023,782,0,2,2.22044604925031e-16,0,4
985,65,Female,137.41,Phone,9,3/4/2022,1157,0,1,2.22044604925031e-16,0,4
986,33,Male,159.45,Mail,4,12/13/2022,873,0,1,2.22044604925031e-16,0,4
987,45,Male,39.46,Email,3,4/19/2024,380,0,3,2.24753310773535e-09,0,4
988,46,Female,123.2,Mail,4,4/8/2024,391,0,1,8.11678773486657e-09,0,4
989,36,Male,74.67,Phone,1,8/9/2023,634,0,3,2.22044604925031e-16,0,4
990,52,Male,48.66,Mail,7,1/4/2022,1216,0,2,2.22044604925031e-16,0,4
991,69,Male,78.56,Phone,8,7/26/2023,648,0,2,2.22044604925031e-16,0,4
992,37,Male,54.49,Event,9,1/30/2022,1190,0,2,2.22044604925031e-16,0,4
993,39,Female,76.79,Event,7,6/16/2022,1053,0,2,2.22044604925031e-16,0,4
994,46,Female,62.39,Email,3,12/10/2022,876,0,3,2.22044604925031e-16,0,4
995,61,Male,68.13,Email,7,9/3/2022,974,0,2,2.22044604925031e-16,0,4
996,29,Male,50.4,Mail,5,9/11/2023,601,0,3,2.22044604925031e-16,0,4
997,72,Other,63.52,Phone,5,8/10/2022,998,0,2,2.22044604925031e-16,0,4
998,28,Other,111.71,Phone,4,1/15/2023,840,0,1,2.22044604925031e-16,0,4
999,50,Male,79.85,Email,4,9/27/2024,219,0,3,0.002216016,0,5
1000,38,Female,68.64,Event,6,12/22/2024,133,1,3,0.533532707,1,5
